Setup title,Cdg-V_high_voltage
Classic test name,"C-V Sweep"
Test date,3/2/2020
Test time,12:14:28
Device ID,
Count,6
Flags,#
Remarks,#Mc_cap_SC_die1_r3c2_WpPl15_capacitance_400V
Channel.UnitTyp,CMU,SMU
Channel.Unit,CMU1:MF,SMU6:HV
Channel.IName,,Id
Channel.VName,VBias,Vd
Channel.Mode,,V
Channel.Func,CONST,VAR1
Channel.Index,
Channel.Time,
Measurement.Port.Unit,SMU6:HV
Measurement.Port.SeriesResistor,NONE
Measurement.Port.Filter,ON
Measurement.Port.OutputVoltageComparison,0
Measurement.Primary.Locus,Single
Measurement.Primary.Scale,LINEAR
Measurement.Primary.Start,0
Measurement.Primary.Stop,400
Measurement.Primary.Compliance,0.001
Measurement.Primary.Step,0.4
Measurement.Aborting.Condition,"CONTINUE AT ANY"
Measurement.PostOutput.Value,START
Measurement.PostOutput.Retention,OFF
Measurement.Secondary.ACLevel,0.1
Measurement.Secondary.FName,Freq
Measurement.Secondary.Frequency,1000000
Measurement.Bias.Source,0,0
Measurement.Bias.Compliance,0.001
Measurement.ImpedanceMode.Model,Cp-G
Measurement.ImpedanceMode.CName,C
Measurement.ImpedanceMode.LName,L
Measurement.ImpedanceMode.GName,G
Measurement.ImpedanceMode.RName,R
Measurement.ImpedanceMode.QName,Q
Measurement.ImpedanceMode.DName,D
Measurement.ImpedanceMode.YName,Y
Measurement.ImpedanceMode.ZName,Z
Measurement.ImpedanceMode.ThName,Theta
Measurement.ImpedanceMode.BName,B
Measurement.ImpedanceMode.XName,X
Measurement.Monitor.Unit,CMU1:MF,SMU6:HV
Measurement.Monitor.RangingMode,AUTO,LIMITED
Measurement.Monitor.RangeBoundary,50,10uA
Measurement.Monitor.AcMonitorSymbol,
Measurement.Monitor.DcMonitorSymbol,
Measurement.Monitor.Adc,"HS ADC"
Measurement.Monitor.Measurement,"Force and Compliance Sides"
Measurement.Monitor.RangeRating,"BY FULL RANGE"
Measurement.Monitor.RangeRatingCoeff,50
Measurement.Timing.Hold,0
Measurement.Timing.Delay,0.2
Measurement.Adc.UnitType,Cmu,Smu
Measurement.Adc.HighResolution.Mode,PLC,AUTO
Measurement.Adc.HighResolution.Coeff,5,6
Measurement.Adc.HighSpeed.Mode,AUTO
Measurement.Adc.HighSpeed.Coeff,6
Measurement.Adc.HighResolution.AutoZero,OFF
Measurement.WaitTime.Source.Coeff,1
Measurement.WaitTime.Source.Offset,0
Measurement.WaitTime.Monitor.Coeff,1
Measurement.WaitTime.Monitor.Offset,0
Function.User.Name,C_dens,G_dens,I_dens
Function.User.Unit,F/mm,S/mm,A/mm
Function.User.Definition,C/0.9,G/0.9,Id/0/9
Output.Graph.Enabled,true
Output.Graph.AutoScaling,false
Output.Graph.XAxis.Data,Vd
Output.Graph.XAxis.Scale,Linear
Output.Graph.XAxis.Left,0
Output.Graph.XAxis.Right,100
Output.Graph.XAxis.RunTimeAutoScale,false
Output.Graph.YAxis.Data,C_dens,G_dens,Q_dens
Output.Graph.YAxis.Scale,Linear,Linear,Linear
Output.Graph.YAxis.Bottom,0,0,0
Output.Graph.YAxis.Top,1,1,1
Output.Graph.YAxis.Group,,,
Output.Graph.YAxis.RunTimeAutoScale,false,false,false
Output.List.Data,Vd,C,G,Id,Freq,C_dens,G_dens,I_dens
AutoAnalysis.Interpolation,false
AutoAnalysis.Line1.Enabled,false
AutoAnalysis.Line1.Type,1
AutoAnalysis.Line1.Fix,True
AutoAnalysis.Line1.YAxis,0
AutoAnalysis.Line1.Point1.Type,0
AutoAnalysis.Line1.Point1.XY.X,
AutoAnalysis.Line1.Point1.XY.Y,
AutoAnalysis.Line1.Point1.Data.Var,
AutoAnalysis.Line1.Point1.Data.Condition,
AutoAnalysis.Line1.Point1.Data.Start,false
AutoAnalysis.Line1.Point1.Data.StartVar,
AutoAnalysis.Line1.Point1.Data.StartCondition,
AutoAnalysis.Line1.Point2.Type,0
AutoAnalysis.Line1.Point2.XY.X,
AutoAnalysis.Line1.Point2.XY.Y,
AutoAnalysis.Line1.Point2.Data.Var,
AutoAnalysis.Line1.Point2.Data.Condition,
AutoAnalysis.Line1.Point2.Data.Start,false
AutoAnalysis.Line1.Point2.Data.StartVar,
AutoAnalysis.Line1.Point2.Data.StartCondition,
AutoAnalysis.Line1.GradientExpr,0
AutoAnalysis.Line2.Enabled,false
AutoAnalysis.Line2.Type,1
AutoAnalysis.Line2.Fix,True
AutoAnalysis.Line2.YAxis,0
AutoAnalysis.Line2.Point1.Type,0
AutoAnalysis.Line2.Point1.XY.X,
AutoAnalysis.Line2.Point1.XY.Y,
AutoAnalysis.Line2.Point1.Data.Var,
AutoAnalysis.Line2.Point1.Data.Condition,
AutoAnalysis.Line2.Point1.Data.Start,false
AutoAnalysis.Line2.Point1.Data.StartVar,
AutoAnalysis.Line2.Point1.Data.StartCondition,
AutoAnalysis.Line2.Point2.Type,0
AutoAnalysis.Line2.Point2.XY.X,
AutoAnalysis.Line2.Point2.XY.Y,
AutoAnalysis.Line2.Point2.Data.Var,
AutoAnalysis.Line2.Point2.Data.Condition,
AutoAnalysis.Line2.Point2.Data.Start,false
AutoAnalysis.Line2.Point2.Data.StartVar,
AutoAnalysis.Line2.Point2.Data.StartCondition,
AutoAnalysis.Line2.GradientExpr,0
AutoAnalysis.Marker.Enabled,false
AutoAnalysis.Marker.Data.Var,
AutoAnalysis.Marker.Data.Condition,
AutoAnalysis.Marker.Data.Start,false
AutoAnalysis.Marker.Data.StartVar,
AutoAnalysis.Marker.Data.StartCondition,
Vd,C_dens,G_dens,Q_dens,C,G,Id,Freq,I_dens
0.0005,2.5685E-12,-3.96914444444444E-06,,2.31165E-12,-3.57223E-06,-1.599E-08,1000000,
0.4005,2.55276666666667E-12,-3.94081111111111E-06,,2.29749E-12,-3.54673E-06,-1.867E-08,1000000,
0.8,2.53446666666667E-12,-3.91834444444444E-06,,2.28102E-12,-3.52651E-06,1.78E-09,1000000,
1.1995,2.51194444444444E-12,-3.88228888888889E-06,,2.26075E-12,-3.49406E-06,6.34E-09,1000000,
1.6,2.4832E-12,-3.84126666666667E-06,,2.23488E-12,-3.45714E-06,-1.415E-08,1000000,
2.0005,2.44661111111111E-12,-3.785E-06,,2.20195E-12,-3.4065E-06,-3.44E-09,1000000,
2.3995,2.3961E-12,-3.71108888888889E-06,,2.15649E-12,-3.33998E-06,-5.53E-09,1000000,
2.801,2.31925555555556E-12,-3.59595555555556E-06,,2.08733E-12,-3.23636E-06,-1.013E-08,1000000,
3.2005,2.18863333333333E-12,-3.39792222222222E-06,,1.96977E-12,-3.05813E-06,-5.31E-09,1000000,
3.601,1.92674444444444E-12,-2.99915555555556E-06,,1.73407E-12,-2.69924E-06,5.22E-09,1000000,
4,7.77872222222222E-13,-1.22682222222222E-06,,7.00085E-13,-1.10414E-06,-2.837E-08,1000000,
4.4005,2.67376666666667E-13,-4.28062222222222E-07,,2.40639E-13,-3.85256E-07,2.79E-09,1000000,
4.7995,2.17637777777778E-13,-3.48995555555556E-07,,1.95874E-13,-3.14096E-07,1.627E-08,1000000,
5.2005,1.98271111111111E-13,-3.21881111111111E-07,,1.78444E-13,-2.89693E-07,7.69E-09,1000000,
5.6005,1.84002222222222E-13,-2.99685555555556E-07,,1.65602E-13,-2.69717E-07,3.001E-08,1000000,
6.0005,1.74256666666667E-13,-2.8386E-07,,1.56831E-13,-2.55474E-07,2.906E-08,1000000,
6.4005,1.65883333333333E-13,-2.68637777777778E-07,,1.49295E-13,-2.41774E-07,-1.867E-08,1000000,
6.8,1.58767777777778E-13,-2.60525555555556E-07,,1.42891E-13,-2.34473E-07,-1.557E-08,1000000,
7.2005,1.5292E-13,-2.49662222222222E-07,,1.37628E-13,-2.24696E-07,2.271E-08,1000000,
7.6,1.47084444444444E-13,-2.38048888888889E-07,,1.32376E-13,-2.14244E-07,-5.95E-09,1000000,
8.0005,1.42541111111111E-13,-2.35554444444444E-07,,1.28287E-13,-2.11999E-07,1.707E-08,1000000,
8.4005,1.38425555555556E-13,-2.26182222222222E-07,,1.24583E-13,-2.03564E-07,-2.15E-09,1000000,
8.801,1.34532222222222E-13,-2.21336666666667E-07,,1.21079E-13,-1.99203E-07,-1.542E-08,1000000,
9.2,1.31071111111111E-13,-2.15318888888889E-07,,1.17964E-13,-1.93787E-07,4.05E-09,1000000,
9.5995,1.28253333333333E-13,-2.07803333333333E-07,,1.15428E-13,-1.87023E-07,2.03E-09,1000000,
9.999,1.25E-13,-2.06412222222222E-07,,1.125E-13,-1.85771E-07,2.077E-08,1000000,
10.4,1.22688888888889E-13,-2.00984444444444E-07,,1.1042E-13,-1.80886E-07,-2.18E-09,1000000,
10.8,1.19818888888889E-13,-1.97602222222222E-07,,1.07837E-13,-1.77842E-07,-5.11E-09,1000000,
11.2,1.1792E-13,-1.91721111111111E-07,,1.06128E-13,-1.72549E-07,7.3E-09,1000000,
11.6005,1.15457777777778E-13,-1.88333333333333E-07,,1.03912E-13,-1.695E-07,8.73E-09,1000000,
11.9995,1.1322E-13,-1.85584444444444E-07,,1.01898E-13,-1.67026E-07,-2.957E-08,1000000,
12.3995,1.11097888888889E-13,-1.81968888888889E-07,,9.99881E-14,-1.63772E-07,-1.283E-08,1000000,
12.8005,1.09308444444444E-13,-1.79668888888889E-07,,9.83776E-14,-1.61702E-07,9.95E-09,1000000,
13.1995,1.08043666666667E-13,-1.75481111111111E-07,,9.72393E-14,-1.57933E-07,1E-08,1000000,
13.6,1.06080222222222E-13,-1.74434444444444E-07,,9.54722E-14,-1.56991E-07,-3.549E-08,1000000,
14,1.04379888888889E-13,-1.71397777777778E-07,,9.39419E-14,-1.54258E-07,-9.4E-09,1000000,
14.4,1.03358666666667E-13,-1.70785555555556E-07,,9.30228E-14,-1.53707E-07,-3.473E-08,1000000,
14.8,1.01479222222222E-13,-1.67283333333333E-07,,9.13313E-14,-1.50555E-07,1.838E-08,1000000,
15.2,1.00449222222222E-13,-1.64477777777778E-07,,9.04043E-14,-1.4803E-07,5.87E-09,1000000,
15.6005,9.92908888888889E-14,-1.6189E-07,,8.93618E-14,-1.45701E-07,-2.157E-08,1000000,
16.0005,9.80403333333333E-14,-1.61543333333333E-07,,8.82363E-14,-1.45389E-07,1.675E-08,1000000,
16.3995,9.66916666666667E-14,-1.56274444444444E-07,,8.70225E-14,-1.40647E-07,8.82E-09,1000000,
16.801,9.54834444444444E-14,-1.57997777777778E-07,,8.59351E-14,-1.42198E-07,-1.37E-09,1000000,
17.2,9.47552222222222E-14,-1.54715555555556E-07,,8.52797E-14,-1.39244E-07,-1.057E-08,1000000,
17.6,9.35791111111111E-14,-1.52961111111111E-07,,8.42212E-14,-1.37665E-07,1.806E-08,1000000,
18,9.23372222222222E-14,-1.50321111111111E-07,,8.31035E-14,-1.35289E-07,-2.452E-08,1000000,
18.3995,9.12762222222222E-14,-1.49128888888889E-07,,8.21486E-14,-1.34216E-07,-1.39E-08,1000000,
18.8005,9.02114444444444E-14,-1.48095555555556E-07,,8.11903E-14,-1.33286E-07,2.69E-09,1000000,
19.2,8.92984444444444E-14,-1.47338888888889E-07,,8.03686E-14,-1.32605E-07,-7.3E-09,1000000,
19.6,8.79936666666667E-14,-1.45238888888889E-07,,7.91943E-14,-1.30715E-07,5.52E-09,1000000,
20.0005,8.7655E-14,-1.44958888888889E-07,,7.88895E-14,-1.30463E-07,7.72E-09,1000000,
20.4,8.66562222222222E-14,-1.43556666666667E-07,,7.79906E-14,-1.29201E-07,2.027E-08,1000000,
20.8005,8.57161111111111E-14,-1.4338E-07,,7.71445E-14,-1.29042E-07,-1.254E-08,1000000,
21.2005,8.52355555555556E-14,-1.43552222222222E-07,,7.6712E-14,-1.29197E-07,-1.713E-08,1000000,
21.6005,8.42652222222222E-14,-1.38996666666667E-07,,7.58387E-14,-1.25097E-07,1.286E-08,1000000,
22,8.38127777777778E-14,-1.37188888888889E-07,,7.54315E-14,-1.2347E-07,1.234E-08,1000000,
22.4,8.30496666666667E-14,-1.35486666666667E-07,,7.47447E-14,-1.21938E-07,-6.87E-09,1000000,
22.8005,8.20555555555556E-14,-1.34261111111111E-07,,7.385E-14,-1.20835E-07,-4.8E-09,1000000,
23.2005,8.13535555555556E-14,-1.3542E-07,,7.32182E-14,-1.21878E-07,-6.95E-09,1000000,
23.5995,8.09797777777778E-14,-1.32122222222222E-07,,7.28818E-14,-1.1891E-07,-6.35E-09,1000000,
23.999,8.01285555555556E-14,-1.33045555555556E-07,,7.21157E-14,-1.19741E-07,-3.023E-08,1000000,
24.4005,7.95728888888889E-14,-1.29636666666667E-07,,7.16156E-14,-1.16673E-07,-4.7E-09,1000000,
24.7995,7.88143333333333E-14,-1.29888888888889E-07,,7.09329E-14,-1.169E-07,-5.19E-09,1000000,
25.2,7.80667777777778E-14,-1.30394444444444E-07,,7.02601E-14,-1.17355E-07,-9.8E-10,1000000,
25.6,7.75808888888889E-14,-1.26741111111111E-07,,6.98228E-14,-1.14067E-07,6.72E-09,1000000,
26,7.70332222222222E-14,-1.27727777777778E-07,,6.93299E-14,-1.14955E-07,-7.51E-09,1000000,
26.4,7.65414444444444E-14,-1.25325555555556E-07,,6.88873E-14,-1.12793E-07,1.15E-08,1000000,
26.8,7.5601E-14,-1.25173333333333E-07,,6.80409E-14,-1.12656E-07,-1.478E-08,1000000,
27.201,7.51622222222222E-14,-1.24292222222222E-07,,6.7646E-14,-1.11863E-07,-4.84E-09,1000000,
27.6,7.45E-14,-1.2275E-07,,6.705E-14,-1.10475E-07,-1.668E-08,1000000,
28,7.44468888888889E-14,-1.2399E-07,,6.70022E-14,-1.11591E-07,2.174E-08,1000000,
28.4005,7.36736666666667E-14,-1.20482222222222E-07,,6.63063E-14,-1.08434E-07,1.434E-08,1000000,
28.7995,7.2899E-14,-1.23182222222222E-07,,6.56091E-14,-1.10864E-07,-3.616E-08,1000000,
29.2,7.27322222222222E-14,-1.20756666666667E-07,,6.5459E-14,-1.08681E-07,-1.582E-08,1000000,
29.5995,7.23917777777778E-14,-1.19817777777778E-07,,6.51526E-14,-1.07836E-07,2.29E-09,1000000,
29.9995,7.18672222222222E-14,-1.18761111111111E-07,,6.46805E-14,-1.06885E-07,1.46E-08,1000000,
30.4005,7.12813333333333E-14,-1.17356666666667E-07,,6.41532E-14,-1.05621E-07,-8.68E-09,1000000,
30.8,7.06581111111111E-14,-1.16926666666667E-07,,6.35923E-14,-1.05234E-07,-2.581E-08,1000000,
31.1995,7.0442E-14,-1.17244444444444E-07,,6.33978E-14,-1.0552E-07,-1.187E-08,1000000,
31.6005,7.01072222222222E-14,-1.14562222222222E-07,,6.30965E-14,-1.03106E-07,-3.2E-09,1000000,
32.0005,6.92285555555555E-14,-1.16385555555556E-07,,6.23057E-14,-1.04747E-07,2.8E-09,1000000,
32.4,6.92184444444444E-14,-1.11984444444444E-07,,6.22966E-14,-1.00786E-07,-1.1E-10,1000000,
32.8,6.8663E-14,-1.12542222222222E-07,,6.17967E-14,-1.01288E-07,-2.678E-08,1000000,
33.2,6.80063333333333E-14,-1.15257777777778E-07,,6.12057E-14,-1.03732E-07,-9.6E-10,1000000,
33.6005,6.78753333333333E-14,-1.14336666666667E-07,,6.10878E-14,-1.02903E-07,-2.334E-08,1000000,
34.0005,6.73596666666667E-14,-1.12833333333333E-07,,6.06237E-14,-1.0155E-07,-2.219E-08,1000000,
34.4,6.6865E-14,-1.1248E-07,,6.01785E-14,-1.01232E-07,-4.95E-09,1000000,
34.8,6.66868888888889E-14,-1.09926555555556E-07,,6.00182E-14,-9.89339E-08,-6.74E-09,1000000,
35.2,6.61918888888889E-14,-1.07564666666667E-07,,5.95727E-14,-9.68082E-08,-1.17E-08,1000000,
35.6,6.57867777777778E-14,-1.09129666666667E-07,,5.92081E-14,-9.82167E-08,-1.21E-09,1000000,
35.9995,6.59322222222222E-14,-1.0809E-07,,5.9339E-14,-9.7281E-08,8.89E-09,1000000,
36.401,6.52134444444444E-14,-1.05580222222222E-07,,5.86921E-14,-9.50222E-08,-1.374E-08,1000000,
36.8,6.47528888888889E-14,-1.09257555555556E-07,,5.82776E-14,-9.83318E-08,-1.333E-08,1000000,
37.2,6.47452222222222E-14,-1.06745666666667E-07,,5.82707E-14,-9.60711E-08,-1.26E-08,1000000,
37.6,6.43446666666667E-14,-1.02968888888889E-07,,5.79102E-14,-9.2672E-08,4.22E-09,1000000,
37.9995,6.383E-14,-1.06699222222222E-07,,5.7447E-14,-9.60293E-08,-2.617E-08,1000000,
38.401,6.34632222222222E-14,-1.04502888888889E-07,,5.71169E-14,-9.40526E-08,5.59E-09,1000000,
38.7995,6.29875555555556E-14,-1.05253333333333E-07,,5.66888E-14,-9.4728E-08,8.83E-09,1000000,
39.1995,6.25832222222222E-14,-1.03240222222222E-07,,5.63249E-14,-9.29162E-08,-2.013E-08,1000000,
39.601,6.25242222222222E-14,-1.05390111111111E-07,,5.62718E-14,-9.48511E-08,1.172E-08,1000000,
40,6.21416666666667E-14,-1.03251222222222E-07,,5.59275E-14,-9.29261E-08,1.749E-08,1000000,
40.4,6.20555555555555E-14,-1.00425777777778E-07,,5.585E-14,-9.03832E-08,1.224E-08,1000000,
40.8,6.11368888888889E-14,-1.01072444444444E-07,,5.50232E-14,-9.09652E-08,1.803E-08,1000000,
41.201,6.12036666666667E-14,-1.01463222222222E-07,,5.50833E-14,-9.13169E-08,1.816E-08,1000000,
41.6,6.10076666666667E-14,-1.00496333333333E-07,,5.49069E-14,-9.04467E-08,1.816E-08,1000000,
42,6.04237777777778E-14,-1.01178333333333E-07,,5.43814E-14,-9.10605E-08,-2.73E-09,1000000,
42.3995,6.05986666666667E-14,-9.95007777777778E-08,,5.45388E-14,-8.95507E-08,-2.55E-09,1000000,
42.8005,6.0115E-14,-1.01335111111111E-07,,5.41035E-14,-9.12016E-08,-1.451E-08,1000000,
43.2,5.96954444444444E-14,-1.00169555555556E-07,,5.37259E-14,-9.01526E-08,-3.046E-08,1000000,
43.6,5.94141111111111E-14,-9.73662222222222E-08,,5.34727E-14,-8.76296E-08,-7.32E-09,1000000,
43.9995,5.92106666666667E-14,-9.82578888888889E-08,,5.32896E-14,-8.84321E-08,-1.37E-08,1000000,
44.3995,5.90135555555555E-14,-9.8525E-08,,5.31122E-14,-8.86725E-08,-3.9E-09,1000000,
44.8,5.85161111111111E-14,-9.66067777777778E-08,,5.26645E-14,-8.69461E-08,1.218E-08,1000000,
45.2005,5.82997777777778E-14,-9.6662E-08,,5.24698E-14,-8.69958E-08,1.028E-08,1000000,
45.6,5.79375555555556E-14,-9.50461111111111E-08,,5.21438E-14,-8.55415E-08,-4.41E-09,1000000,
46.001,5.7542E-14,-9.77103333333333E-08,,5.17878E-14,-8.79393E-08,-1.3E-10,1000000,
46.401,5.77225555555556E-14,-9.39225555555556E-08,,5.19503E-14,-8.45303E-08,1.766E-08,1000000,
46.8005,5.70406666666667E-14,-9.35847777777778E-08,,5.13366E-14,-8.42263E-08,-1.1E-09,1000000,
47.2,5.71716666666667E-14,-9.44037777777778E-08,,5.14545E-14,-8.49634E-08,9.13E-09,1000000,
47.6005,5.68801111111111E-14,-9.3417E-08,,5.11921E-14,-8.40753E-08,-1.494E-08,1000000,
48.0005,5.64041111111111E-14,-9.35891111111111E-08,,5.07637E-14,-8.42302E-08,-3.108E-08,1000000,
48.4,5.64195555555556E-14,-9.44676666666667E-08,,5.07776E-14,-8.50209E-08,1.312E-08,1000000,
48.8005,5.62575555555556E-14,-9.23486666666667E-08,,5.06318E-14,-8.31138E-08,-1.696E-08,1000000,
49.2,5.54456666666667E-14,-9.20505555555556E-08,,4.99011E-14,-8.28455E-08,-3.15E-09,1000000,
49.6,5.56712222222222E-14,-9.11323333333333E-08,,5.01041E-14,-8.20191E-08,-2.92E-09,1000000,
50.001,5.51565555555556E-14,-9.23948888888889E-08,,4.96409E-14,-8.31554E-08,-1.6E-09,1000000,
50.399,5.48287777777778E-14,-9.0139E-08,,4.93459E-14,-8.11251E-08,-2.135E-08,1000000,
50.8,5.49454444444444E-14,-8.89867777777778E-08,,4.94509E-14,-8.00881E-08,1.432E-08,1000000,
51.2005,5.47708888888889E-14,-9.06863333333333E-08,,4.92938E-14,-8.16177E-08,-1.61E-09,1000000,
51.6,5.43682222222222E-14,-8.83134444444444E-08,,4.89314E-14,-7.94821E-08,-2.372E-08,1000000,
52,5.39481111111111E-14,-9.02735555555555E-08,,4.85533E-14,-8.12462E-08,-2.49E-08,1000000,
52.4,5.3627E-14,-8.80021111111111E-08,,4.82643E-14,-7.92019E-08,2.34E-09,1000000,
52.8,5.35272222222222E-14,-8.92581111111111E-08,,4.81745E-14,-8.03323E-08,-6.09E-09,1000000,
53.2,5.38637777777778E-14,-8.77152222222222E-08,,4.84774E-14,-7.89437E-08,-1.748E-08,1000000,
53.6,5.30364444444444E-14,-8.69094444444444E-08,,4.77328E-14,-7.82185E-08,1.215E-08,1000000,
54.001,5.28344444444444E-14,-8.92116666666667E-08,,4.7551E-14,-8.02905E-08,-1.61E-08,1000000,
54.399,5.28375555555556E-14,-8.80175555555556E-08,,4.75538E-14,-7.92158E-08,-1.126E-08,1000000,
54.7995,5.26401111111111E-14,-8.65054444444444E-08,,4.73761E-14,-7.78549E-08,9.08E-09,1000000,
55.2,5.24335555555556E-14,-8.95913333333333E-08,,4.71902E-14,-8.06322E-08,3.47E-09,1000000,
55.6005,5.20165555555556E-14,-8.66202222222222E-08,,4.68149E-14,-7.79582E-08,-1.03E-09,1000000,
56,5.14045555555556E-14,-8.6991E-08,,4.62641E-14,-7.82919E-08,2.041E-08,1000000,
56.4,5.22393333333333E-14,-8.50044444444445E-08,,4.70154E-14,-7.6504E-08,-6.65E-09,1000000,
56.8,5.1217E-14,-8.55915555555556E-08,,4.60953E-14,-7.70324E-08,1.347E-08,1000000,
57.2,5.13297777777778E-14,-8.49293333333333E-08,,4.61968E-14,-7.64364E-08,-7.15E-09,1000000,
57.6,5.13624444444444E-14,-8.18213333333333E-08,,4.62262E-14,-7.36392E-08,8.48E-09,1000000,
58.0005,5.07964444444444E-14,-8.54546666666667E-08,,4.57168E-14,-7.69092E-08,-4.05E-09,1000000,
58.4005,5.08916666666667E-14,-8.47306666666667E-08,,4.58025E-14,-7.62576E-08,-2.402E-08,1000000,
58.799,5.0357E-14,-8.21898888888889E-08,,4.53213E-14,-7.39709E-08,4.38E-09,1000000,
59.2,5.02565555555556E-14,-8.54391111111111E-08,,4.52309E-14,-7.68952E-08,-1.544E-08,1000000,
59.6,5.01458888888889E-14,-8.51366666666667E-08,,4.51313E-14,-7.6623E-08,1.27E-08,1000000,
60.0005,4.97471111111111E-14,-8.42647777777778E-08,,4.47724E-14,-7.58383E-08,-1.552E-08,1000000,
60.3995,4.97882222222222E-14,-8.4097E-08,,4.48094E-14,-7.56873E-08,-7.29E-09,1000000,
60.8,4.94305555555556E-14,-8.2404E-08,,4.44875E-14,-7.41636E-08,-1.775E-08,1000000,
61.1995,4.96333333333333E-14,-8.266E-08,,4.467E-14,-7.4394E-08,-3.811E-08,1000000,
61.6,4.90634444444444E-14,-8.06777777777778E-08,,4.41571E-14,-7.261E-08,-5.34E-09,1000000,
62,4.9087E-14,-8.25164444444444E-08,,4.41783E-14,-7.42648E-08,-2.496E-08,1000000,
62.4,4.90164444444444E-14,-8.03334444444444E-08,,4.41148E-14,-7.23001E-08,-3.92E-09,1000000,
62.8,4.85835555555556E-14,-8.02362222222222E-08,,4.37252E-14,-7.22126E-08,3.3E-09,1000000,
63.2005,4.86608888888889E-14,-8.20528888888889E-08,,4.37948E-14,-7.38476E-08,-7.26E-09,1000000,
63.6005,4.87855555555556E-14,-8.02715555555556E-08,,4.3907E-14,-7.22444E-08,-1.442E-08,1000000,
64.001,4.79143333333333E-14,-7.95475555555555E-08,,4.31229E-14,-7.15928E-08,-6.7E-09,1000000,
64.4,4.79385555555556E-14,-8.14127777777778E-08,,4.31447E-14,-7.32715E-08,-2.95E-09,1000000,
64.8,4.75841111111111E-14,-7.74041111111111E-08,,4.28257E-14,-6.96637E-08,-1.509E-08,1000000,
65.2,4.7764E-14,-8.13332222222222E-08,,4.29876E-14,-7.31999E-08,1.596E-08,1000000,
65.5995,4.7406E-14,-7.983E-08,,4.26654E-14,-7.1847E-08,2.313E-08,1000000,
66.0005,4.7223E-14,-8.05297777777778E-08,,4.25007E-14,-7.24768E-08,-2.643E-08,1000000,
66.4,4.73951111111111E-14,-7.80088888888889E-08,,4.26556E-14,-7.0208E-08,-1.754E-08,1000000,
66.8005,4.67437777777778E-14,-7.86997777777778E-08,,4.20694E-14,-7.08298E-08,-2.877E-08,1000000,
67.2,4.70093333333333E-14,-7.76712222222222E-08,,4.23084E-14,-6.99041E-08,-9.07E-09,1000000,
67.6,4.63664444444444E-14,-7.71722222222222E-08,,4.17298E-14,-6.9455E-08,1.519E-08,1000000,
68.0005,4.63682222222222E-14,-7.84326666666667E-08,,4.17314E-14,-7.05894E-08,-1.353E-08,1000000,
68.4,4.65143333333333E-14,-7.53093333333333E-08,,4.18629E-14,-6.77784E-08,-1.002E-08,1000000,
68.8,4.60591111111111E-14,-7.79912222222222E-08,,4.14532E-14,-7.01921E-08,-8.8E-10,1000000,
69.2005,4.62561111111111E-14,-7.66712222222222E-08,,4.16305E-14,-6.90041E-08,4.49E-09,1000000,
69.6,4.58756666666667E-14,-7.60773333333333E-08,,4.12881E-14,-6.84696E-08,-2.705E-08,1000000,
70,4.55208888888889E-14,-7.57484444444444E-08,,4.09688E-14,-6.81736E-08,-1.68E-09,1000000,
70.4005,4.55998888888889E-14,-7.48832222222222E-08,,4.10399E-14,-6.73949E-08,8.68E-09,1000000,
70.8005,4.58072222222222E-14,-7.59913333333333E-08,,4.12265E-14,-6.83922E-08,-1.75E-09,1000000,
71.2,4.51302222222222E-14,-7.54636666666667E-08,,4.06172E-14,-6.79173E-08,1.041E-08,1000000,
71.6,4.51692222222222E-14,-7.67263333333333E-08,,4.06523E-14,-6.90537E-08,7.53E-09,1000000,
72,4.4651E-14,-7.52341111111111E-08,,4.01859E-14,-6.77107E-08,1.863E-08,1000000,
72.3995,4.52893333333333E-14,-7.70441111111111E-08,,4.07604E-14,-6.93397E-08,-6.23E-09,1000000,
72.7995,4.43875555555556E-14,-7.27861111111111E-08,,3.99488E-14,-6.55075E-08,5.26E-09,1000000,
73.2,4.48224444444444E-14,-7.5435E-08,,4.03402E-14,-6.78915E-08,-9.24E-09,1000000,
73.6005,4.45188888888889E-14,-7.2018E-08,,4.0067E-14,-6.48162E-08,-4.5E-09,1000000,
74.0005,4.40071111111111E-14,-7.25697777777778E-08,,3.96064E-14,-6.53128E-08,4.24E-09,1000000,
74.4005,4.40836666666667E-14,-7.29096666666667E-08,,3.96753E-14,-6.56187E-08,-2.169E-08,1000000,
74.8,4.40618888888889E-14,-7.21415555555556E-08,,3.96557E-14,-6.49274E-08,-1.448E-08,1000000,
75.2,4.36188888888889E-14,-7.20664444444444E-08,,3.9257E-14,-6.48598E-08,3.75E-09,1000000,
75.6005,4.36427777777778E-14,-7.14417777777778E-08,,3.92785E-14,-6.42976E-08,-3.001E-08,1000000,
76.0005,4.33557777777778E-14,-7.28235555555556E-08,,3.90202E-14,-6.55412E-08,-3.141E-08,1000000,
76.4,4.36034444444444E-14,-7.35078888888889E-08,,3.92431E-14,-6.61571E-08,-6.44E-09,1000000,
76.8,4.34337777777778E-14,-7.06603333333333E-08,,3.90904E-14,-6.35943E-08,-2.265E-08,1000000,
77.1995,4.28692222222222E-14,-7.27285555555555E-08,,3.85823E-14,-6.54557E-08,-2.722E-08,1000000,
77.6,4.28723333333333E-14,-7.12386666666667E-08,,3.85851E-14,-6.41148E-08,-1.89E-08,1000000,
78.0005,4.29134444444444E-14,-7.20951111111111E-08,,3.86221E-14,-6.48856E-08,-9.9E-10,1000000,
78.4,4.27655555555556E-14,-7.14527777777778E-08,,3.8489E-14,-6.43075E-08,1.43E-09,1000000,
78.8005,4.23193333333333E-14,-7.08324444444445E-08,,3.80874E-14,-6.37492E-08,-8.57E-09,1000000,
79.2,4.24124444444444E-14,-7.04615555555556E-08,,3.81712E-14,-6.34154E-08,1.422E-08,1000000,
79.6,4.26731111111111E-14,-7.02453333333333E-08,,3.84058E-14,-6.32208E-08,-1.247E-08,1000000,
80,4.20165555555556E-14,-7.01127777777778E-08,,3.78149E-14,-6.31015E-08,-2.116E-08,1000000,
80.4005,4.20555555555556E-14,-7.19162222222222E-08,,3.785E-14,-6.47246E-08,-2.146E-08,1000000,
80.7995,4.17298888888889E-14,-6.96536666666667E-08,,3.75569E-14,-6.26883E-08,-2.35E-08,1000000,
81.2005,4.15342222222222E-14,-7.0786E-08,,3.73808E-14,-6.37074E-08,-1.933E-08,1000000,
81.6005,4.19694444444444E-14,-6.85786666666667E-08,,3.77725E-14,-6.17208E-08,-8.42E-09,1000000,
82,4.13855555555556E-14,-6.93887777777778E-08,,3.7247E-14,-6.24499E-08,-1.327E-08,1000000,
82.4005,4.1485E-14,-6.99074444444444E-08,,3.73365E-14,-6.29167E-08,-1.406E-08,1000000,
82.8,4.14411111111111E-14,-7.00818888888889E-08,,3.7297E-14,-6.30737E-08,-1.742E-08,1000000,
83.2,4.10574444444444E-14,-6.97E-08,,3.69517E-14,-6.273E-08,-1.272E-08,1000000,
83.6,4.07275555555556E-14,-7.0201E-08,,3.66548E-14,-6.31809E-08,-1.126E-08,1000000,
83.9995,4.058E-14,-6.7689E-08,,3.6522E-14,-6.09201E-08,4.06E-09,1000000,
84.4,4.0794E-14,-6.92937777777778E-08,,3.67146E-14,-6.23644E-08,6.78E-09,1000000,
84.7995,4.0878E-14,-6.84527777777778E-08,,3.67902E-14,-6.16075E-08,1.968E-08,1000000,
85.2,4.0554E-14,-6.78854444444444E-08,,3.64986E-14,-6.10969E-08,1.46E-09,1000000,
85.5995,4.06882222222222E-14,-6.82011111111111E-08,,3.66194E-14,-6.1381E-08,1.725E-08,1000000,
86,4.00011111111111E-14,-6.83467777777778E-08,,3.6001E-14,-6.15121E-08,-9.08E-09,1000000,
86.4,4.02832222222222E-14,-6.80465555555556E-08,,3.62549E-14,-6.12419E-08,-3.148E-08,1000000,
86.8,4.03794444444444E-14,-6.60687777777778E-08,,3.63415E-14,-5.94619E-08,-1.628E-08,1000000,
87.2,3.97266666666667E-14,-6.86425555555556E-08,,3.5754E-14,-6.17783E-08,-1.695E-08,1000000,
87.6005,4.01967777777778E-14,-6.57244444444444E-08,,3.61771E-14,-5.9152E-08,-3.88E-09,1000000,
87.9995,3.95721111111111E-14,-6.64947777777778E-08,,3.56149E-14,-5.98453E-08,-2.588E-08,1000000,
88.4005,3.97941111111111E-14,-6.72894444444445E-08,,3.58147E-14,-6.05605E-08,2.76E-09,1000000,
88.7995,3.93683333333333E-14,-6.37664444444444E-08,,3.54315E-14,-5.73898E-08,7.22E-09,1000000,
89.2005,3.98771111111111E-14,-6.73776666666667E-08,,3.58894E-14,-6.06399E-08,-2.954E-08,1000000,
89.6,3.91947777777778E-14,-6.49915555555556E-08,,3.52753E-14,-5.84924E-08,7.31E-09,1000000,
90.0005,3.92345555555556E-14,-6.55433333333333E-08,,3.53111E-14,-5.8989E-08,-2.814E-08,1000000,
90.4,3.91547777777778E-14,-6.6285E-08,,3.52393E-14,-5.96565E-08,1E-11,1000000,
90.8005,3.88853333333333E-14,-6.5135E-08,,3.49968E-14,-5.86215E-08,-2.232E-08,1000000,
91.2,3.87142222222222E-14,-6.51504444444444E-08,,3.48428E-14,-5.86354E-08,-3.5E-09,1000000,
91.6,3.87132222222222E-14,-6.45587777777778E-08,,3.48419E-14,-5.81029E-08,-2.634E-08,1000000,
92.0005,3.8676E-14,-6.40577777777778E-08,,3.48084E-14,-5.7652E-08,-5.85E-09,1000000,
92.4005,3.88695555555556E-14,-6.51526666666667E-08,,3.49826E-14,-5.86374E-08,3.28E-08,1000000,
92.8005,3.85884444444444E-14,-6.3667E-08,,3.47296E-14,-5.73003E-08,-1.758E-08,1000000,
93.201,3.82564444444444E-14,-6.51393333333333E-08,,3.44308E-14,-5.86254E-08,-1.122E-08,1000000,
93.601,3.80737777777778E-14,-6.53556666666667E-08,,3.42664E-14,-5.88201E-08,-2.074E-08,1000000,
93.999,3.81004444444444E-14,-6.39274444444444E-08,,3.42904E-14,-5.75347E-08,-3.295E-08,1000000,
94.4,3.82291111111111E-14,-6.54704444444444E-08,,3.44062E-14,-5.89234E-08,3.42E-09,1000000,
94.7995,3.79413333333333E-14,-6.3177E-08,,3.41472E-14,-5.68593E-08,-1.876E-08,1000000,
95.2005,3.77024444444444E-14,-6.34925555555556E-08,,3.39322E-14,-5.71433E-08,-2.403E-08,1000000,
95.5995,3.76318888888889E-14,-6.42187777777778E-08,,3.38687E-14,-5.77969E-08,-7.97E-09,1000000,
96,3.75686666666667E-14,-6.09695555555556E-08,,3.38118E-14,-5.48726E-08,9.29E-09,1000000,
96.3995,3.74157777777778E-14,-6.44284444444444E-08,,3.36742E-14,-5.79856E-08,-2.642E-08,1000000,
96.8,3.74474444444444E-14,-6.26427777777778E-08,,3.37027E-14,-5.63785E-08,-3.357E-08,1000000,
97.2,3.70226666666667E-14,-6.30377777777778E-08,,3.33204E-14,-5.6734E-08,-1.9E-08,1000000,
97.5995,3.7205E-14,-6.1954E-08,,3.34845E-14,-5.57586E-08,5.1E-10,1000000,
98,3.72524444444444E-14,-6.25146666666667E-08,,3.35272E-14,-5.62632E-08,6.55E-09,1000000,
98.3995,3.68926666666667E-14,-6.1166E-08,,3.32034E-14,-5.50494E-08,-5.64E-09,1000000,
98.8005,3.6872E-14,-6.08657777777778E-08,,3.31848E-14,-5.47792E-08,-1.26E-08,1000000,
99.199,3.70205555555556E-14,-6.27486666666667E-08,,3.33185E-14,-5.64738E-08,-3.588E-08,1000000,
99.6,3.70398888888889E-14,-6.12718888888889E-08,,3.33359E-14,-5.51447E-08,-1.889E-08,1000000,
99.9995,3.66826666666667E-14,-6.01328888888889E-08,,3.30144E-14,-5.41196E-08,2.583E-08,1000000,
100.3995,3.6776E-14,-6.32165555555556E-08,,3.30984E-14,-5.68949E-08,-6.59E-09,1000000,
100.8,3.66833333333333E-14,-5.93757777777778E-08,,3.3015E-14,-5.34382E-08,-1.591E-08,1000000,
101.2,3.60287777777778E-14,-6.14925555555556E-08,,3.24259E-14,-5.53433E-08,-1.286E-08,1000000,
101.6,3.61436666666667E-14,-6.12873333333333E-08,,3.25293E-14,-5.51586E-08,1.968E-08,1000000,
102,3.5844E-14,-5.86473333333333E-08,,3.22596E-14,-5.27826E-08,-1.488E-08,1000000,
102.4,3.57811111111111E-14,-6.05654444444444E-08,,3.2203E-14,-5.45089E-08,-1.734E-08,1000000,
102.8,3.58925555555556E-14,-5.86362222222222E-08,,3.23033E-14,-5.27726E-08,-1.686E-08,1000000,
103.2005,3.56957777777778E-14,-5.94396666666667E-08,,3.21262E-14,-5.34957E-08,8.39E-09,1000000,
103.5995,3.55464444444444E-14,-6.04638888888889E-08,,3.19918E-14,-5.44175E-08,-1.853E-08,1000000,
104,3.53792222222222E-14,-6.06714444444444E-08,,3.18413E-14,-5.46043E-08,1.025E-08,1000000,
104.4,3.56598888888889E-14,-6.01747777777778E-08,,3.20939E-14,-5.41573E-08,1.17E-08,1000000,
104.8,3.55766666666667E-14,-5.69962222222222E-08,,3.2019E-14,-5.12966E-08,-2.127E-08,1000000,
105.2,3.5088E-14,-6.24461111111111E-08,,3.15792E-14,-5.62015E-08,7.47E-09,1000000,
105.5995,3.52004444444444E-14,-6.04285555555555E-08,,3.16804E-14,-5.43857E-08,-3.178E-08,1000000,
105.9995,3.53732222222222E-14,-5.80225555555556E-08,,3.18359E-14,-5.22203E-08,2.99E-09,1000000,
106.3995,3.52563333333333E-14,-5.60006666666667E-08,,3.17307E-14,-5.04006E-08,-4.108E-08,1000000,
106.7995,3.4964E-14,-5.75457777777778E-08,,3.14676E-14,-5.17912E-08,-7.16E-09,1000000,
107.2,3.48965555555556E-14,-5.7495E-08,,3.14069E-14,-5.17455E-08,-4.04E-09,1000000,
107.6005,3.47145555555556E-14,-5.86537777777778E-08,,3.12431E-14,-5.27884E-08,-1.447E-08,1000000,
108,3.43165555555556E-14,-5.87884444444444E-08,,3.08849E-14,-5.29096E-08,-2.823E-08,1000000,
108.4,3.45593333333333E-14,-5.87023333333333E-08,,3.11034E-14,-5.28321E-08,7.45E-09,1000000,
108.8005,3.47858888888889E-14,-5.73426666666667E-08,,3.13073E-14,-5.16084E-08,-9.69E-09,1000000,
109.2005,3.43597777777778E-14,-5.6974E-08,,3.09238E-14,-5.12766E-08,1.758E-08,1000000,
109.6005,3.43755555555556E-14,-5.70048888888889E-08,,3.0938E-14,-5.13044E-08,-8.07E-09,1000000,
110,3.39385555555556E-14,-5.65391111111111E-08,,3.05447E-14,-5.08852E-08,1.493E-08,1000000,
110.3995,3.42603333333333E-14,-5.77995555555556E-08,,3.08343E-14,-5.20196E-08,7.42E-09,1000000,
110.7995,3.40681111111111E-14,-5.52853333333333E-08,,3.06613E-14,-4.97568E-08,1.46E-09,1000000,
111.2,3.39845555555556E-14,-5.94726666666667E-08,,3.05861E-14,-5.35254E-08,1.838E-08,1000000,
111.5995,3.41025555555556E-14,-5.55414444444444E-08,,3.06923E-14,-4.99873E-08,-1.432E-08,1000000,
112.0005,3.36473333333333E-14,-5.61858888888889E-08,,3.02826E-14,-5.05673E-08,3.48E-09,1000000,
112.4,3.3752E-14,-5.83667777777778E-08,,3.03768E-14,-5.25301E-08,-1.378E-08,1000000,
112.8,3.40102222222222E-14,-5.57224444444444E-08,,3.06092E-14,-5.01502E-08,8.12E-09,1000000,
113.2,3.37937777777778E-14,-5.83777777777778E-08,,3.04144E-14,-5.254E-08,-2.363E-08,1000000,
113.601,3.3583E-14,-5.55193333333333E-08,,3.02247E-14,-4.99674E-08,8.45E-09,1000000,
113.9995,3.36655555555556E-14,-5.51307777777778E-08,,3.0299E-14,-4.96177E-08,-6.39E-09,1000000,
114.4005,3.36174444444444E-14,-5.56715555555556E-08,,3.02557E-14,-5.01044E-08,2.16E-09,1000000,
114.7995,3.39441111111111E-14,-5.45392222222222E-08,,3.05497E-14,-4.90853E-08,1.4E-08,1000000,
115.1995,3.30978888888889E-14,-5.5378E-08,,2.97881E-14,-4.98402E-08,-3.845E-08,1000000,
115.601,3.31427777777778E-14,-5.58768888888889E-08,,2.98285E-14,-5.02892E-08,5.77E-09,1000000,
116.0005,3.3193E-14,-5.26894444444444E-08,,2.98737E-14,-4.74205E-08,-4.68E-09,1000000,
116.4,3.30777777777778E-14,-5.62521111111111E-08,,2.977E-14,-5.06269E-08,-1.024E-08,1000000,
116.8,3.29137777777778E-14,-5.49961111111111E-08,,2.96224E-14,-4.94965E-08,-9.5E-09,1000000,
117.2,3.28182222222222E-14,-5.60865555555556E-08,,2.95364E-14,-5.04779E-08,2.97E-09,1000000,
117.5995,3.31066666666667E-14,-5.52808888888889E-08,,2.9796E-14,-4.97528E-08,1.998E-08,1000000,
118.0005,3.2736E-14,-5.2462E-08,,2.94624E-14,-4.72158E-08,-1.701E-08,1000000,
118.4,3.27486666666667E-14,-5.52653333333333E-08,,2.94738E-14,-4.97388E-08,-1.652E-08,1000000,
118.7995,3.24725555555556E-14,-5.25282222222222E-08,,2.92253E-14,-4.72754E-08,1.905E-08,1000000,
119.201,3.25318888888889E-14,-5.53138888888889E-08,,2.92787E-14,-4.97825E-08,-2.627E-08,1000000,
119.6005,3.23341111111111E-14,-5.38768888888889E-08,,2.91007E-14,-4.84892E-08,-2.73E-09,1000000,
120,3.22258888888889E-14,-5.46914444444444E-08,,2.90033E-14,-4.92223E-08,2.36E-09,1000000,
120.4,3.18106666666667E-14,-5.56184444444444E-08,,2.86296E-14,-5.00566E-08,-2.579E-08,1000000,
120.8,3.22332222222222E-14,-5.44927777777778E-08,,2.90099E-14,-4.90435E-08,-2.874E-08,1000000,
121.2005,3.20185555555556E-14,-5.51152222222222E-08,,2.88167E-14,-4.96037E-08,-3.406E-08,1000000,
121.6,3.21563333333333E-14,-5.27445555555556E-08,,2.89407E-14,-4.74701E-08,-3.177E-08,1000000,
122.001,3.19465555555556E-14,-5.42653333333333E-08,,2.87519E-14,-4.88388E-08,5.83E-09,1000000,
122.4005,3.1734E-14,-5.50092222222222E-08,,2.85606E-14,-4.95083E-08,-6.65E-09,1000000,
122.8,3.13426666666667E-14,-5.35457777777778E-08,,2.82084E-14,-4.81912E-08,-3.305E-08,1000000,
123.1995,3.19008888888889E-14,-5.22986666666667E-08,,2.87108E-14,-4.70688E-08,-5.45E-09,1000000,
123.6,3.17076666666667E-14,-5.10492222222222E-08,,2.85369E-14,-4.59443E-08,1.091E-08,1000000,
124.0005,3.16402222222222E-14,-5.23714444444444E-08,,2.84762E-14,-4.71343E-08,5.89E-09,1000000,
124.399,3.16907777777778E-14,-5.4038E-08,,2.85217E-14,-4.86342E-08,-3.32E-08,1000000,
124.8,3.1512E-14,-5.18571111111111E-08,,2.83608E-14,-4.66714E-08,-5.09E-09,1000000,
125.2,3.13631111111111E-14,-5.24508888888889E-08,,2.82268E-14,-4.72058E-08,-4.354E-08,1000000,
125.5995,3.13051111111111E-14,-5.27135555555556E-08,,2.81746E-14,-4.74422E-08,-3.1E-10,1000000,
125.9995,3.11304444444444E-14,-5.27643333333333E-08,,2.80174E-14,-4.74879E-08,1.938E-08,1000000,
126.4005,3.11171111111111E-14,-5.35258888888889E-08,,2.80054E-14,-4.81733E-08,-1.188E-08,1000000,
126.8,3.08086666666667E-14,-5.2793E-08,,2.77278E-14,-4.75137E-08,-8.64E-09,1000000,
127.2005,3.11301111111111E-14,-5.36671111111111E-08,,2.80171E-14,-4.83004E-08,-2.95E-08,1000000,
127.6005,3.09003333333333E-14,-5.28151111111111E-08,,2.78103E-14,-4.75336E-08,-3.392E-08,1000000,
128,3.07704444444444E-14,-4.98505555555556E-08,,2.76934E-14,-4.48655E-08,-3.422E-08,1000000,
128.4,3.03695555555556E-14,-5.33492222222222E-08,,2.73326E-14,-4.80143E-08,-7.84E-09,1000000,
128.7995,3.0742E-14,-5.093E-08,,2.76678E-14,-4.5837E-08,1.277E-08,1000000,
129.2,3.07117777777778E-14,-5.11286666666667E-08,,2.76406E-14,-4.60158E-08,9.93E-09,1000000,
129.6005,3.05518888888889E-14,-4.97445555555556E-08,,2.74967E-14,-4.47701E-08,-2.413E-08,1000000,
129.9995,3.0698E-14,-5.09432222222222E-08,,2.76282E-14,-4.58489E-08,-1.506E-08,1000000,
130.3995,3.07808888888889E-14,-5.01331111111111E-08,,2.77028E-14,-4.51198E-08,-3.546E-08,1000000,
130.7995,3.02226666666667E-14,-5.1197E-08,,2.72004E-14,-4.60773E-08,1.184E-08,1000000,
131.2005,3.03021111111111E-14,-5.20402222222222E-08,,2.72719E-14,-4.68362E-08,-7.39E-09,1000000,
131.6,3.05406666666667E-14,-5.24154444444444E-08,,2.74866E-14,-4.71739E-08,-7.37E-09,1000000,
132.0005,3.04781111111111E-14,-5.02897777777778E-08,,2.74303E-14,-4.52608E-08,-7.99E-09,1000000,
132.3995,3E-14,-5.26626666666667E-08,,2.7E-14,-4.73964E-08,-1.198E-08,1000000,
132.8005,3.01363333333333E-14,-4.96342222222222E-08,,2.71227E-14,-4.46708E-08,-1.334E-08,1000000,
133.2,3.0039E-14,-5.05965555555556E-08,,2.70351E-14,-4.55369E-08,-3.688E-08,1000000,
133.6,2.96592222222222E-14,-5.10468888888889E-08,,2.66933E-14,-4.59422E-08,1.25E-08,1000000,
134,2.9812E-14,-4.92456666666667E-08,,2.68308E-14,-4.43211E-08,-5E-09,1000000,
134.4,2.99198888888889E-14,-5.06097777777778E-08,,2.69279E-14,-4.55488E-08,-1.009E-08,1000000,
134.7995,2.95443333333333E-14,-4.83097777777778E-08,,2.65899E-14,-4.34788E-08,1.408E-08,1000000,
135.2005,2.9844E-14,-4.77777777777778E-08,,2.68596E-14,-4.3E-08,2.302E-08,1000000,
135.6,2.9571E-14,-4.86783333333333E-08,,2.66139E-14,-4.38105E-08,-1.005E-08,1000000,
135.9995,2.944E-14,-4.96275555555556E-08,,2.6496E-14,-4.46648E-08,1.93E-08,1000000,
136.4,2.92196666666667E-14,-4.84201111111111E-08,,2.62977E-14,-4.35781E-08,-1.86E-09,1000000,
136.7995,2.95615555555556E-14,-4.66321111111111E-08,,2.66054E-14,-4.19689E-08,-1.731E-08,1000000,
137.2005,2.88083333333333E-14,-5.14353333333333E-08,,2.59275E-14,-4.62918E-08,-2.413E-08,1000000,
137.6,2.94856666666667E-14,-4.74312222222222E-08,,2.65371E-14,-4.26881E-08,1.3E-08,1000000,
137.9995,2.90767777777778E-14,-4.79344444444444E-08,,2.61691E-14,-4.3141E-08,-2.552E-08,1000000,
138.3995,2.90148888888889E-14,-5.02168888888889E-08,,2.61134E-14,-4.51952E-08,-1.45E-09,1000000,
138.801,2.89724444444444E-14,-4.65151111111111E-08,,2.60752E-14,-4.18636E-08,-3.105E-08,1000000,
139.1995,2.90851111111111E-14,-5.02676666666667E-08,,2.61766E-14,-4.52409E-08,-2.564E-08,1000000,
139.599,2.89963333333333E-14,-4.88703333333333E-08,,2.60967E-14,-4.39833E-08,-2.909E-08,1000000,
140.0005,2.85367777777778E-14,-4.94706666666667E-08,,2.56831E-14,-4.45236E-08,-1.922E-08,1000000,
140.4,2.85613333333333E-14,-4.98415555555556E-08,,2.57052E-14,-4.48574E-08,-1.885E-08,1000000,
140.8,2.86056666666667E-14,-4.78527777777778E-08,,2.57451E-14,-4.30675E-08,1.94E-09,1000000,
141.2,2.84067777777778E-14,-4.88923333333333E-08,,2.55661E-14,-4.40031E-08,-6.29E-09,1000000,
141.5995,2.86583333333333E-14,-4.77423333333333E-08,,2.57925E-14,-4.29681E-08,-2.447E-08,1000000,
142,2.86362222222222E-14,-4.83537777777778E-08,,2.57726E-14,-4.35184E-08,-3.952E-08,1000000,
142.4,2.81721111111111E-14,-5.02013333333333E-08,,2.53549E-14,-4.51812E-08,-7.44E-09,1000000,
142.7995,2.83101111111111E-14,-4.88283333333333E-08,,2.54791E-14,-4.39455E-08,-2.457E-08,1000000,
143.199,2.83481111111111E-14,-4.98481111111111E-08,,2.55133E-14,-4.48633E-08,-1.259E-08,1000000,
143.6,2.83185555555556E-14,-4.81396666666667E-08,,2.54867E-14,-4.33257E-08,-2.6E-08,1000000,
144.0005,2.86638888888889E-14,-4.71773333333333E-08,,2.57975E-14,-4.24596E-08,1.62E-09,1000000,
144.4,2.81974444444444E-14,-4.54687777777778E-08,,2.53777E-14,-4.09219E-08,-1.165E-08,1000000,
144.8,2.8293E-14,-4.60162222222222E-08,,2.54637E-14,-4.14146E-08,-2.36E-09,1000000,
145.199,2.78352222222222E-14,-4.79938888888889E-08,,2.50517E-14,-4.31945E-08,-2.943E-08,1000000,
145.6005,2.7714E-14,-4.65702222222222E-08,,2.49426E-14,-4.19132E-08,1.548E-08,1000000,
145.9995,2.80305555555556E-14,-4.7122E-08,,2.52275E-14,-4.24098E-08,2.85E-09,1000000,
146.4,2.82883333333333E-14,-4.73273333333333E-08,,2.54595E-14,-4.25946E-08,2.438E-08,1000000,
146.8005,2.77526666666667E-14,-4.40052222222222E-08,,2.49774E-14,-3.96047E-08,-1.999E-08,1000000,
147.1995,2.70131111111111E-14,-4.50603333333333E-08,,2.43118E-14,-4.05543E-08,-1.368E-08,1000000,
147.5995,2.78056666666667E-14,-4.7058E-08,,2.50251E-14,-4.23522E-08,-5.56E-09,1000000,
148.0005,2.75537777777778E-14,-4.70888888888889E-08,,2.47984E-14,-4.238E-08,-3.392E-08,1000000,
148.4005,2.74947777777778E-14,-4.7899E-08,,2.47453E-14,-4.31091E-08,-2.722E-08,1000000,
148.8005,2.74848888888889E-14,-4.5546E-08,,2.47364E-14,-4.09914E-08,-1.698E-08,1000000,
149.2005,2.72183333333333E-14,-4.74905555555556E-08,,2.44965E-14,-4.27415E-08,-1.24E-08,1000000,
149.6005,2.74627777777778E-14,-4.44267777777778E-08,,2.47165E-14,-3.99841E-08,2.126E-08,1000000,
150,2.71838888888889E-14,-4.65502222222222E-08,,2.44655E-14,-4.18952E-08,2.601E-08,1000000,
150.4005,2.72358888888889E-14,-4.7559E-08,,2.45123E-14,-4.28031E-08,-2.808E-08,1000000,
150.8005,2.69091111111111E-14,-4.4089E-08,,2.42182E-14,-3.96801E-08,-8.06E-09,1000000,
151.2005,2.73461111111111E-14,-4.74707777777778E-08,,2.46115E-14,-4.27237E-08,-6.21E-09,1000000,
151.6005,2.71666666666667E-14,-4.59056666666667E-08,,2.445E-14,-4.13151E-08,-7.03E-09,1000000,
152,2.69888888888889E-14,-4.62191111111111E-08,,2.429E-14,-4.15972E-08,-1.35E-09,1000000,
152.4005,2.70142222222222E-14,-4.4738E-08,,2.43128E-14,-4.02642E-08,-3.246E-08,1000000,
152.8,2.69906666666667E-14,-4.3237E-08,,2.42916E-14,-3.89133E-08,1.52E-09,1000000,
153.1995,2.66445555555556E-14,-4.5888E-08,,2.39801E-14,-4.12992E-08,8.11E-09,1000000,
153.6,2.69638888888889E-14,-4.56165555555556E-08,,2.42675E-14,-4.10549E-08,2.85E-09,1000000,
154,2.67145555555556E-14,-4.3705E-08,,2.40431E-14,-3.93345E-08,-3.81E-09,1000000,
154.4,2.70693333333333E-14,-4.51066666666667E-08,,2.43624E-14,-4.0596E-08,2.867E-08,1000000,
154.8,2.65574444444444E-14,-4.41221111111111E-08,,2.39017E-14,-3.97099E-08,-2.385E-08,1000000,
155.2005,2.6541E-14,-4.27248888888889E-08,,2.38869E-14,-3.84524E-08,-3.768E-08,1000000,
155.6,2.67605555555556E-14,-4.61948888888889E-08,,2.40845E-14,-4.15754E-08,2.3E-10,1000000,
156,2.59841111111111E-14,-4.58063333333333E-08,,2.33857E-14,-4.12257E-08,-1.666E-08,1000000,
156.4005,2.62451111111111E-14,-4.50734444444444E-08,,2.36206E-14,-4.05661E-08,-1.541E-08,1000000,
156.8,2.62996666666667E-14,-4.48174444444444E-08,,2.36697E-14,-4.03357E-08,-3.875E-08,1000000,
157.2,2.64742222222222E-14,-4.77267777777778E-08,,2.38268E-14,-4.29541E-08,1.31E-09,1000000,
157.6,2.65792222222222E-14,-4.4376E-08,,2.39213E-14,-3.99384E-08,-5.93E-09,1000000,
158,2.58942222222222E-14,-4.61572222222222E-08,,2.33048E-14,-4.15415E-08,3.183E-08,1000000,
158.3995,2.57115555555556E-14,-4.56782222222222E-08,,2.31404E-14,-4.11104E-08,-2.452E-08,1000000,
158.8005,2.6249E-14,-4.3387E-08,,2.36241E-14,-3.90483E-08,-3.327E-08,1000000,
159.2005,2.56943333333333E-14,-4.18441111111111E-08,,2.31249E-14,-3.76597E-08,-4.581E-08,1000000,
159.5995,2.62153333333333E-14,-4.37777777777778E-08,,2.35938E-14,-3.94E-08,-4.038E-08,1000000,
160,2.60937777777778E-14,-4.63581111111111E-08,,2.34844E-14,-4.17223E-08,2.972E-08,1000000,
160.401,2.60916666666667E-14,-4.24775555555556E-08,,2.34825E-14,-3.82298E-08,-4.131E-08,1000000,
160.7995,2.58882222222222E-14,-4.21155555555556E-08,,2.32994E-14,-3.7904E-08,-6.86E-09,1000000,
161.2,2.58232222222222E-14,-4.53604444444444E-08,,2.32409E-14,-4.08244E-08,-1.323E-08,1000000,
161.6005,2.57698888888889E-14,-4.25636666666667E-08,,2.31929E-14,-3.83073E-08,-3.201E-08,1000000,
162,2.52962222222222E-14,-4.13672222222222E-08,,2.27666E-14,-3.72305E-08,3.413E-08,1000000,
162.3995,2.55653333333333E-14,-4.23318888888889E-08,,2.30088E-14,-3.80987E-08,-1.37E-08,1000000,
162.8005,2.55867777777778E-14,-4.30426666666667E-08,,2.30281E-14,-3.87384E-08,-8.45E-09,1000000,
163.1995,2.54388888888889E-14,-4.24135555555556E-08,,2.2895E-14,-3.81722E-08,9.46E-09,1000000,
163.6005,2.55284444444444E-14,-4.24091111111111E-08,,2.29756E-14,-3.81682E-08,-2.373E-08,1000000,
164,2.53148888888889E-14,-4.6517E-08,,2.27834E-14,-4.18653E-08,7.6E-10,1000000,
164.3995,2.59068888888889E-14,-4.29323333333333E-08,,2.33162E-14,-3.86391E-08,-1.956E-08,1000000,
164.8,2.50137777777778E-14,-4.30205555555556E-08,,2.25124E-14,-3.87185E-08,-5.77E-09,1000000,
165.2,2.5603E-14,-4.33782222222222E-08,,2.30427E-14,-3.90404E-08,2E-11,1000000,
165.6,2.52976666666667E-14,-4.1471E-08,,2.27679E-14,-3.73239E-08,2.52E-09,1000000,
166,2.51231111111111E-14,-4.31617777777778E-08,,2.26108E-14,-3.88456E-08,-1.689E-08,1000000,
166.4,2.5141E-14,-4.3568E-08,,2.26269E-14,-3.92112E-08,9.9E-10,1000000,
166.7995,2.51434444444444E-14,-4.29035555555556E-08,,2.26291E-14,-3.86132E-08,-3.178E-08,1000000,
167.2,2.47748888888889E-14,-4.3952E-08,,2.22974E-14,-3.95568E-08,-1.694E-08,1000000,
167.6005,2.50816666666667E-14,-3.89766666666667E-08,,2.25735E-14,-3.5079E-08,-2.076E-08,1000000,
168,2.47288888888889E-14,-3.99964444444444E-08,,2.2256E-14,-3.59968E-08,-2.96E-08,1000000,
168.3995,2.50433333333333E-14,-4.43802222222222E-08,,2.2539E-14,-3.99422E-08,-1.581E-08,1000000,
168.8,2.48848888888889E-14,-4.22413333333333E-08,,2.23964E-14,-3.80172E-08,-1.634E-08,1000000,
169.2005,2.46888888888889E-14,-4.11001111111111E-08,,2.222E-14,-3.69901E-08,-7.43E-09,1000000,
169.5995,2.49291111111111E-14,-4.18395555555556E-08,,2.24362E-14,-3.76556E-08,1.114E-08,1000000,
170,2.52558888888889E-14,-4.21265555555556E-08,,2.27303E-14,-3.79139E-08,-2.941E-08,1000000,
170.4005,2.46112222222222E-14,-4.39828888888889E-08,,2.21501E-14,-3.95846E-08,-2.028E-08,1000000,
170.8,2.4647E-14,-3.96123333333333E-08,,2.21823E-14,-3.56511E-08,-1.508E-08,1000000,
171.2005,2.4647E-14,-4.54684444444444E-08,,2.21823E-14,-4.09216E-08,5.96E-09,1000000,
171.6005,2.46983333333333E-14,-3.96718888888889E-08,,2.22285E-14,-3.57047E-08,-1.843E-08,1000000,
171.9995,2.42342222222222E-14,-4.05945555555556E-08,,2.18108E-14,-3.65351E-08,1.297E-08,1000000,
172.4,2.44973333333333E-14,-4.03694444444444E-08,,2.20476E-14,-3.63325E-08,-1.979E-08,1000000,
172.8005,2.43175555555556E-14,-3.92944444444444E-08,,2.18858E-14,-3.5365E-08,-1.022E-08,1000000,
173.2005,2.4308E-14,-4.12082222222222E-08,,2.18772E-14,-3.70874E-08,1.953E-08,1000000,
173.6005,2.41201111111111E-14,-4.27864444444444E-08,,2.17081E-14,-3.85078E-08,-1.262E-08,1000000,
174.0005,2.41116666666667E-14,-4.22324444444444E-08,,2.17005E-14,-3.80092E-08,-3.852E-08,1000000,
174.4005,2.40881111111111E-14,-4.15966666666667E-08,,2.16793E-14,-3.7437E-08,1.402E-08,1000000,
174.8005,2.43526666666667E-14,-4.07247777777778E-08,,2.19174E-14,-3.66523E-08,-3.05E-09,1000000,
175.2,2.39858888888889E-14,-4.37025555555556E-08,,2.15873E-14,-3.93323E-08,-5.226E-08,1000000,
175.6005,2.40744444444444E-14,-3.97027777777778E-08,,2.1667E-14,-3.57325E-08,-3.27E-09,1000000,
176.0005,2.40086666666667E-14,-4.11773333333333E-08,,2.16078E-14,-3.70596E-08,1.726E-08,1000000,
176.4,2.40515555555556E-14,-4.16805555555556E-08,,2.16464E-14,-3.75125E-08,-6.9E-09,1000000,
176.7995,2.40715555555556E-14,-3.99434444444444E-08,,2.16644E-14,-3.59491E-08,-3.218E-08,1000000,
177.2,2.37371111111111E-14,-4.04665555555556E-08,,2.13634E-14,-3.64199E-08,-1.314E-08,1000000,
177.6,2.39858888888889E-14,-3.84512222222222E-08,,2.15873E-14,-3.46061E-08,-1.197E-08,1000000,
178,2.36623333333333E-14,-4.13825555555556E-08,,2.12961E-14,-3.72443E-08,-4.089E-08,1000000,
178.401,2.4106E-14,-4.1972E-08,,2.16954E-14,-3.77748E-08,6.66E-09,1000000,
178.8,2.35537777777778E-14,-3.99654444444445E-08,,2.11984E-14,-3.59689E-08,1.976E-08,1000000,
179.2005,2.37902222222222E-14,-4.09498888888889E-08,,2.14112E-14,-3.68549E-08,-1.6E-09,1000000,
179.6,2.37715555555556E-14,-3.97998888888889E-08,,2.13944E-14,-3.58199E-08,-4.595E-08,1000000,
180.0005,2.36974444444444E-14,-4.10205555555556E-08,,2.13277E-14,-3.69185E-08,1.1E-08,1000000,
180.401,2.36064444444444E-14,-3.82723333333333E-08,,2.12458E-14,-3.44451E-08,-1.122E-08,1000000,
180.8005,2.38885555555556E-14,-3.96961111111111E-08,,2.14997E-14,-3.57265E-08,8.51E-09,1000000,
181.2,2.33984444444444E-14,-4.08438888888889E-08,,2.10586E-14,-3.67595E-08,-3.062E-08,1000000,
181.6,2.33784444444444E-14,-3.90096666666667E-08,,2.10406E-14,-3.51087E-08,1.553E-08,1000000,
182,2.31947777777778E-14,-3.74644444444444E-08,,2.08753E-14,-3.3718E-08,-1.07E-09,1000000,
182.4005,2.31673333333333E-14,-4.07688888888889E-08,,2.08506E-14,-3.6692E-08,-5.695E-08,1000000,
182.8,2.33724444444444E-14,-3.74467777777778E-08,,2.10352E-14,-3.37021E-08,-1.485E-08,1000000,
183.201,2.31697777777778E-14,-4.02766666666667E-08,,2.08528E-14,-3.6249E-08,-2.436E-08,1000000,
183.6,2.34167777777778E-14,-3.85152222222222E-08,,2.10751E-14,-3.46637E-08,-4.629E-08,1000000,
183.9995,2.29562222222222E-14,-3.85945555555556E-08,,2.06606E-14,-3.47351E-08,-1.57E-08,1000000,
184.4005,2.27306666666667E-14,-3.85063333333333E-08,,2.04576E-14,-3.46557E-08,-3.82E-08,1000000,
184.7995,2.2992E-14,-3.88065555555556E-08,,2.06928E-14,-3.49259E-08,-2.575E-08,1000000,
185.201,2.30706666666667E-14,-3.57515555555556E-08,,2.07636E-14,-3.21764E-08,3E-09,1000000,
185.6005,2.29097777777778E-14,-3.80537777777778E-08,,2.06188E-14,-3.42484E-08,-2.119E-08,1000000,
185.9995,2.28012222222222E-14,-4.04421111111111E-08,,2.05211E-14,-3.63979E-08,-3.059E-08,1000000,
186.4,2.29477777777778E-14,-3.86784444444444E-08,,2.0653E-14,-3.48106E-08,4.778E-08,1000000,
186.8005,2.28065555555556E-14,-3.895E-08,,2.05259E-14,-3.5055E-08,-2.689E-08,1000000,
187.2,2.27362222222222E-14,-4.21903333333333E-08,,2.04626E-14,-3.79713E-08,-2.345E-08,1000000,
187.6,2.2888E-14,-3.78197777777778E-08,,2.05992E-14,-3.40378E-08,-2.631E-08,1000000,
188,2.26167777777778E-14,-3.9685E-08,,2.03551E-14,-3.57165E-08,2.24E-09,1000000,
188.4005,2.29143333333333E-14,-3.79213333333333E-08,,2.06229E-14,-3.41292E-08,2.46E-09,1000000,
188.8,2.22117777777778E-14,-3.81574444444444E-08,,1.99906E-14,-3.43417E-08,-4.7E-09,1000000,
189.2,2.25957777777778E-14,-3.87822222222222E-08,,2.03362E-14,-3.4904E-08,-2.903E-08,1000000,
189.5995,2.28725555555556E-14,-3.72944444444444E-08,,2.05853E-14,-3.3565E-08,1.641E-08,1000000,
190,2.2302E-14,-3.76255555555556E-08,,2.00718E-14,-3.3863E-08,2.17E-09,1000000,
190.4005,2.21984444444444E-14,-3.7727E-08,,1.99786E-14,-3.39543E-08,-2.383E-08,1000000,
190.8005,2.25374444444444E-14,-3.71906666666667E-08,,2.02837E-14,-3.34716E-08,3.06E-09,1000000,
191.1995,2.2347E-14,-3.78153333333333E-08,,2.01123E-14,-3.40338E-08,-2.834E-08,1000000,
191.5995,2.26666666666667E-14,-3.78264444444444E-08,,2.04E-14,-3.40438E-08,2.074E-08,1000000,
192,2.24534444444444E-14,-3.67867777777778E-08,,2.02081E-14,-3.31081E-08,-2.63E-08,1000000,
192.401,2.2301E-14,-3.81531111111111E-08,,2.00709E-14,-3.43378E-08,-5.28E-09,1000000,
192.7995,2.25078888888889E-14,-3.68E-08,,2.02571E-14,-3.312E-08,-3.059E-08,1000000,
193.2,2.21238888888889E-14,-3.75063333333333E-08,,1.99115E-14,-3.37557E-08,7.37E-09,1000000,
193.6005,2.20993333333333E-14,-3.73253333333333E-08,,1.98894E-14,-3.35928E-08,-2.028E-08,1000000,
194.0005,2.20364444444444E-14,-3.91088888888889E-08,,1.98328E-14,-3.5198E-08,-1.789E-08,1000000,
194.4,2.20497777777778E-14,-3.83451111111111E-08,,1.98448E-14,-3.45106E-08,-1.24E-08,1000000,
194.7995,2.2243E-14,-3.67888888888889E-08,,2.00187E-14,-3.311E-08,-5.398E-08,1000000,
195.2,2.20578888888889E-14,-3.72325555555556E-08,,1.98521E-14,-3.35093E-08,-1.345E-08,1000000,
195.601,2.19486666666667E-14,-3.77137777777778E-08,,1.97538E-14,-3.39424E-08,1.98E-09,1000000,
195.9995,2.18671111111111E-14,-3.83782222222222E-08,,1.96804E-14,-3.45404E-08,-7.58E-09,1000000,
196.4,2.21917777777778E-14,-3.74974444444444E-08,,1.99726E-14,-3.37477E-08,-2.807E-08,1000000,
196.801,2.17722222222222E-14,-3.86364444444444E-08,,1.9595E-14,-3.47728E-08,2.82E-08,1000000,
197.1995,2.15895555555556E-14,-3.77027777777778E-08,,1.94306E-14,-3.39325E-08,-4.012E-08,1000000,
197.6,2.19163333333333E-14,-3.51907777777778E-08,,1.97247E-14,-3.16717E-08,-5.659E-08,1000000,
198,2.17294444444444E-14,-3.61002222222222E-08,,1.95565E-14,-3.24902E-08,-1.166E-08,1000000,
198.3995,2.15892222222222E-14,-3.77005555555556E-08,,1.94303E-14,-3.39305E-08,-3.901E-08,1000000,
198.8,2.14406666666667E-14,-3.48154444444444E-08,,1.92966E-14,-3.13339E-08,-1.054E-08,1000000,
199.2,2.15302222222222E-14,-3.8281E-08,,1.93772E-14,-3.44529E-08,-3.282E-08,1000000,
199.6,2.20115555555556E-14,-3.61532222222222E-08,,1.98104E-14,-3.25379E-08,-3.07E-08,1000000,
200.0005,2.18333333333333E-14,-3.74488888888889E-08,,1.965E-14,-3.3704E-08,-9.52E-09,1000000,
200.4005,2.15312222222222E-14,-3.63783333333333E-08,,1.93781E-14,-3.27405E-08,2.22E-08,1000000,
200.8,2.08922222222222E-14,-3.57734444444444E-08,,1.8803E-14,-3.21961E-08,-1.873E-08,1000000,
201.1995,2.13337777777778E-14,-3.43762222222222E-08,,1.92004E-14,-3.09386E-08,-5.585E-08,1000000,
201.6,2.14062222222222E-14,-3.69808888888889E-08,,1.92656E-14,-3.32828E-08,-1.235E-08,1000000,
202.0005,2.09206666666667E-14,-3.60338888888889E-08,,1.88286E-14,-3.24305E-08,-1.849E-08,1000000,
202.4,2.15232222222222E-14,-3.74245555555556E-08,,1.93709E-14,-3.36821E-08,4.378E-08,1000000,
202.7995,2.13443333333333E-14,-3.45858888888889E-08,,1.92099E-14,-3.11273E-08,-7.48E-09,1000000,
203.2,2.09431111111111E-14,-3.71243333333333E-08,,1.88488E-14,-3.34119E-08,-2.467E-08,1000000,
203.6,2.1408E-14,-3.64202222222222E-08,,1.92672E-14,-3.27782E-08,-1.743E-08,1000000,
204.0005,2.12807777777778E-14,-3.68925555555556E-08,,1.91527E-14,-3.32033E-08,5.4E-10,1000000,
204.4,2.12596666666667E-14,-3.62656666666667E-08,,1.91337E-14,-3.26391E-08,2.469E-08,1000000,
204.8005,2.09593333333333E-14,-3.53937777777778E-08,,1.88634E-14,-3.18544E-08,-4.211E-08,1000000,
205.199,2.11701111111111E-14,-3.66387777777778E-08,,1.90531E-14,-3.29749E-08,-4.195E-08,1000000,
205.6005,2.11718888888889E-14,-3.78131111111111E-08,,1.90547E-14,-3.40318E-08,-1.183E-08,1000000,
205.9995,2.11855555555556E-14,-3.70448888888889E-08,,1.9067E-14,-3.33404E-08,-3.829E-08,1000000,
206.3995,2.11957777777778E-14,-3.59853333333333E-08,,1.90762E-14,-3.23868E-08,5.44E-09,1000000,
206.8005,2.1429E-14,-3.33453333333333E-08,,1.92861E-14,-3.00108E-08,-4.464E-08,1000000,
207.2005,2.08655555555556E-14,-3.6535E-08,,1.8779E-14,-3.28815E-08,-3.45E-09,1000000,
207.6,2.08156666666667E-14,-3.33541111111111E-08,,1.87341E-14,-3.00187E-08,-2.868E-08,1000000,
208.001,2.05792222222222E-14,-3.48353333333333E-08,,1.85213E-14,-3.13518E-08,-2.48E-09,1000000,
208.4,2.07885555555556E-14,-3.37691111111111E-08,,1.87097E-14,-3.03922E-08,-1.779E-08,1000000,
208.8,2.08054444444444E-14,-3.48176666666667E-08,,1.87249E-14,-3.13359E-08,-2.586E-08,1000000,
209.2,2.06543333333333E-14,-3.51774444444444E-08,,1.85889E-14,-3.16597E-08,2.052E-08,1000000,
209.6,2.06807777777778E-14,-3.41928888888889E-08,,1.86127E-14,-3.07736E-08,-3.29E-09,1000000,
210.001,2.05805555555556E-14,-3.63296666666667E-08,,1.85225E-14,-3.26967E-08,1.06E-08,1000000,
210.4005,2.05946666666667E-14,-3.52723333333333E-08,,1.85352E-14,-3.17451E-08,1.006E-08,1000000,
210.7995,2.04196666666667E-14,-3.38772222222222E-08,,1.83777E-14,-3.04895E-08,5.66E-09,1000000,
211.1995,2.08623333333333E-14,-3.53165555555556E-08,,1.87761E-14,-3.17849E-08,-4.825E-08,1000000,
211.6005,2.03894444444444E-14,-3.44401111111111E-08,,1.83505E-14,-3.09961E-08,-2.659E-08,1000000,
212.0005,2.0816E-14,-3.51575555555556E-08,,1.87344E-14,-3.16418E-08,2.183E-08,1000000,
212.4,2.05342222222222E-14,-3.25374444444444E-08,,1.84808E-14,-2.92837E-08,4.35E-09,1000000,
212.8,2.06245555555556E-14,-3.43253333333333E-08,,1.85621E-14,-3.08928E-08,-2.022E-08,1000000,
213.2,2.02974444444444E-14,-3.66408888888889E-08,,1.82677E-14,-3.29768E-08,-4.344E-08,1000000,
213.5995,2.00978888888889E-14,-3.5482E-08,,1.80881E-14,-3.19338E-08,-7.1E-10,1000000,
214.0005,2.01165555555556E-14,-3.36917777777778E-08,,1.81049E-14,-3.03226E-08,-2.328E-08,1000000,
214.3995,2.00072222222222E-14,-3.33872222222222E-08,,1.80065E-14,-3.00485E-08,9.73E-09,1000000,
214.801,2.00013333333333E-14,-3.42414444444444E-08,,1.80012E-14,-3.08173E-08,8.03E-09,1000000,
215.2,2.02451111111111E-14,-3.28817777777778E-08,,1.82206E-14,-2.95936E-08,-1.643E-08,1000000,
215.5995,2.01744444444444E-14,-3.4992E-08,,1.8157E-14,-3.14928E-08,-1.195E-08,1000000,
216,2.03518888888889E-14,-3.529E-08,,1.83167E-14,-3.1761E-08,-1.619E-08,1000000,
216.3995,2.05251111111111E-14,-3.59721111111111E-08,,1.84726E-14,-3.23749E-08,-4.334E-08,1000000,
216.8,1.99711111111111E-14,-3.51994444444444E-08,,1.7974E-14,-3.16795E-08,-8.19E-09,1000000,
217.2005,1.99043333333333E-14,-3.23916666666667E-08,,1.79139E-14,-2.91525E-08,3.087E-08,1000000,
217.6,1.99865555555556E-14,-3.39125555555556E-08,,1.79879E-14,-3.05213E-08,-5E-10,1000000,
218,2.00507777777778E-14,-3.79696666666667E-08,,1.80457E-14,-3.41727E-08,-2.325E-08,1000000,
218.4,2.0112E-14,-3.50361111111111E-08,,1.81008E-14,-3.15325E-08,-4.061E-08,1000000,
218.7995,2.0021E-14,-3.25196666666667E-08,,1.80189E-14,-2.92677E-08,-2.765E-08,1000000,
219.1995,1.97364444444444E-14,-3.46895555555556E-08,,1.77628E-14,-3.12206E-08,-5.36E-09,1000000,
219.6005,1.9539E-14,-3.15572222222222E-08,,1.75851E-14,-2.84015E-08,-1.155E-08,1000000,
220.0005,1.97715555555556E-14,-3.20981111111111E-08,,1.77944E-14,-2.88883E-08,2.24E-08,1000000,
220.401,1.96998888888889E-14,-3.35085555555556E-08,,1.77299E-14,-3.01577E-08,-1.041E-08,1000000,
220.8,1.97767777777778E-14,-3.53384444444444E-08,,1.77991E-14,-3.18046E-08,-1.896E-08,1000000,
221.2,1.96977777777778E-14,-3.28375555555556E-08,,1.7728E-14,-2.95538E-08,-2.833E-08,1000000,
221.6005,1.97831111111111E-14,-3.24997777777778E-08,,1.78048E-14,-2.92498E-08,-3.133E-08,1000000,
221.9995,1.96995555555556E-14,-3.47468888888889E-08,,1.77296E-14,-3.12722E-08,-4.882E-08,1000000,
222.3995,1.9624E-14,-3.23055555555556E-08,,1.76616E-14,-2.9075E-08,-1.849E-08,1000000,
222.8,1.94598888888889E-14,-3.30472222222222E-08,,1.75139E-14,-2.97425E-08,-2.486E-08,1000000,
223.2,1.98178888888889E-14,-3.32304444444444E-08,,1.78361E-14,-2.99074E-08,3.385E-08,1000000,
223.6005,1.96535555555556E-14,-3.19921111111111E-08,,1.76882E-14,-2.87929E-08,2.345E-08,1000000,
223.9995,1.99145555555556E-14,-3.16632222222222E-08,,1.79231E-14,-2.84969E-08,-3.286E-08,1000000,
224.4,1.97926666666667E-14,-3.17581111111111E-08,,1.78134E-14,-2.85823E-08,-3.263E-08,1000000,
224.7995,1.94887777777778E-14,-3.35615555555556E-08,,1.75399E-14,-3.02054E-08,-3.499E-08,1000000,
225.2,1.97821111111111E-14,-3.28265555555556E-08,,1.78039E-14,-2.95439E-08,-4.601E-08,1000000,
225.6,1.95646666666667E-14,-3.50095555555556E-08,,1.76082E-14,-3.15086E-08,-3.988E-08,1000000,
226,1.9461E-14,-3.44577777777778E-08,,1.75149E-14,-3.1012E-08,8.4E-09,1000000,
226.3995,1.92888888888889E-14,-3.32701111111111E-08,,1.736E-14,-2.99431E-08,-3.47E-09,1000000,
226.7995,1.88212222222222E-14,-3.31862222222222E-08,,1.69391E-14,-2.98676E-08,-2.475E-08,1000000,
227.2,1.93672222222222E-14,-3.56894444444444E-08,,1.74305E-14,-3.21205E-08,-4.21E-08,1000000,
227.6,1.90713333333333E-14,-3.30957777777778E-08,,1.71642E-14,-2.97862E-08,-1.347E-08,1000000,
228,1.93004444444444E-14,-3.56872222222222E-08,,1.73704E-14,-3.21185E-08,2.753E-08,1000000,
228.401,1.90214444444444E-14,-3.21597777777778E-08,,1.71193E-14,-2.89438E-08,-2.836E-08,1000000,
228.8,1.8797E-14,-3.14821111111111E-08,,1.69173E-14,-2.83339E-08,1.711E-08,1000000,
229.2005,1.91978888888889E-14,-3.44576666666667E-08,,1.72781E-14,-3.10119E-08,-2.559E-08,1000000,
229.599,1.89853333333333E-14,-3.13607777777778E-08,,1.70868E-14,-2.82247E-08,-2.405E-08,1000000,
229.9995,1.92677777777778E-14,-3.10054444444444E-08,,1.7341E-14,-2.79049E-08,-3.814E-08,1000000,
230.4,1.90084444444444E-14,-3.0544E-08,,1.71076E-14,-2.74896E-08,-6.7E-10,1000000,
230.8005,1.87678888888889E-14,-3.41133333333333E-08,,1.68911E-14,-3.0702E-08,-5.75E-09,1000000,
231.1995,1.90657777777778E-14,-3.33032222222222E-08,,1.71592E-14,-2.99729E-08,-1.55E-09,1000000,
231.5995,1.89962222222222E-14,-3.15638888888889E-08,,1.70966E-14,-2.84075E-08,-7.81E-09,1000000,
232.0005,1.8921E-14,-3.33606666666667E-08,,1.70289E-14,-3.00246E-08,-3.017E-08,1000000,
232.4015,1.92185555555556E-14,-3.22282222222222E-08,,1.72967E-14,-2.90054E-08,-3.696E-08,1000000,
232.8,1.85321111111111E-14,-3.19214444444444E-08,,1.66789E-14,-2.87293E-08,-3.196E-08,1000000,
233.2,1.87846666666667E-14,-2.94447777777778E-08,,1.69062E-14,-2.65003E-08,-5.755E-08,1000000,
233.6005,1.92073333333333E-14,-3.14645555555556E-08,,1.72866E-14,-2.83181E-08,-5.316E-08,1000000,
234.0005,1.85233333333333E-14,-2.9639E-08,,1.6671E-14,-2.66751E-08,-4.879E-08,1000000,
234.3995,1.86761111111111E-14,-2.86037777777778E-08,,1.68085E-14,-2.57434E-08,-1.1E-09,1000000,
234.7995,1.85131111111111E-14,-3.21067777777778E-08,,1.66618E-14,-2.88961E-08,1.746E-08,1000000,
235.2,1.88465555555556E-14,-3.23606666666667E-08,,1.69619E-14,-2.91246E-08,-2.818E-08,1000000,
235.5995,1.85444444444444E-14,-3.03077777777778E-08,,1.669E-14,-2.7277E-08,-3.183E-08,1000000,
236.0005,1.86052222222222E-14,-3.26917777777778E-08,,1.67447E-14,-2.94226E-08,-2.976E-08,1000000,
236.401,1.87488888888889E-14,-3.01732222222222E-08,,1.6874E-14,-2.71559E-08,2.96E-09,1000000,
236.801,1.85503333333333E-14,-3.22613333333333E-08,,1.66953E-14,-2.90352E-08,-2.702E-08,1000000,
237.2,1.83223333333333E-14,-3.18264444444444E-08,,1.64901E-14,-2.86438E-08,2.144E-08,1000000,
237.601,1.84471111111111E-14,-3.30251111111111E-08,,1.66024E-14,-2.97226E-08,3.962E-08,1000000,
238.001,1.85057777777778E-14,-3.18221111111111E-08,,1.66552E-14,-2.86399E-08,9.67E-09,1000000,
238.4005,1.83936666666667E-14,-3.06301111111111E-08,,1.65543E-14,-2.75671E-08,2.73E-09,1000000,
238.8,1.82443333333333E-14,-3.29036666666667E-08,,1.64199E-14,-2.96133E-08,-1.21E-08,1000000,
239.2,1.84045555555556E-14,-3.05042222222222E-08,,1.65641E-14,-2.74538E-08,-2.239E-08,1000000,
239.6,1.7964E-14,-3.17138888888889E-08,,1.61676E-14,-2.85425E-08,-4.4E-10,1000000,
239.9995,1.85208888888889E-14,-3.25461111111111E-08,,1.66688E-14,-2.92915E-08,-1.284E-08,1000000,
240.4005,1.81882222222222E-14,-2.90738888888889E-08,,1.63694E-14,-2.61665E-08,-8.7E-09,1000000,
240.8,1.81937777777778E-14,-3.35923333333333E-08,,1.63744E-14,-3.02331E-08,-1.26E-09,1000000,
241.201,1.85728888888889E-14,-3.0438E-08,,1.67156E-14,-2.73942E-08,1.874E-08,1000000,
241.601,1.81731111111111E-14,-3.01377777777778E-08,,1.63558E-14,-2.7124E-08,-3.139E-08,1000000,
242.0005,1.84003333333333E-14,-3.04225555555556E-08,,1.65603E-14,-2.73803E-08,-3.46E-09,1000000,
242.4,1.78161111111111E-14,-2.98663333333333E-08,,1.60345E-14,-2.68797E-08,-1.735E-08,1000000,
242.7995,1.83536666666667E-14,-2.99392222222222E-08,,1.65183E-14,-2.69453E-08,-5.529E-08,1000000,
243.2005,1.8236E-14,-3.25284444444444E-08,,1.64124E-14,-2.92756E-08,-3.352E-08,1000000,
243.6005,1.79555555555556E-14,-3.1109E-08,,1.616E-14,-2.79981E-08,-3.783E-08,1000000,
244.0005,1.78407777777778E-14,-3.14114444444444E-08,,1.60567E-14,-2.82703E-08,-3.406E-08,1000000,
244.4,1.79288888888889E-14,-3.21001111111111E-08,,1.6136E-14,-2.88901E-08,-4.249E-08,1000000,
244.8005,1.78263333333333E-14,-3.00451111111111E-08,,1.60437E-14,-2.70406E-08,-1.301E-08,1000000,
245.201,1.79647777777778E-14,-3.27911111111111E-08,,1.61683E-14,-2.9512E-08,-2.217E-08,1000000,
245.5995,1.75807777777778E-14,-2.95351111111111E-08,,1.58227E-14,-2.65816E-08,-3.117E-08,1000000,
246.0005,1.79678888888889E-14,-3.23208888888889E-08,,1.61711E-14,-2.90888E-08,1.424E-08,1000000,
246.4005,1.77982222222222E-14,-2.85948888888889E-08,,1.60184E-14,-2.57354E-08,3.263E-08,1000000,
246.7995,1.76334444444444E-14,-3.15372222222222E-08,,1.58701E-14,-2.83835E-08,1.528E-08,1000000,
247.199,1.78178888888889E-14,-3.11664444444444E-08,,1.60361E-14,-2.80498E-08,-3.5E-10,1000000,
247.6005,1.73471111111111E-14,-3.01532222222222E-08,,1.56124E-14,-2.71379E-08,6.84E-09,1000000,
248.0005,1.79872222222222E-14,-3.11863333333333E-08,,1.61885E-14,-2.80677E-08,-3.349E-08,1000000,
248.4,1.76717777777778E-14,-3.03342222222222E-08,,1.59046E-14,-2.73008E-08,-2.369E-08,1000000,
248.8,1.75463333333333E-14,-3.08264444444444E-08,,1.57917E-14,-2.77438E-08,-3.852E-08,1000000,
249.2,1.79665555555556E-14,-2.92857777777778E-08,,1.61699E-14,-2.63572E-08,-4.199E-08,1000000,
249.5995,1.76277777777778E-14,-3.13694444444444E-08,,1.5865E-14,-2.82325E-08,-4.046E-08,1000000,
250,1.74806666666667E-14,-2.95726666666667E-08,,1.57326E-14,-2.66154E-08,-5.161E-08,1000000,
250.4,1.71001111111111E-14,-2.9257E-08,,1.53901E-14,-2.63313E-08,-4.691E-08,1000000,
250.7995,1.72582222222222E-14,-3.03628888888889E-08,,1.55324E-14,-2.73266E-08,-3.455E-08,1000000,
251.2005,1.74904444444444E-14,-3.07183333333333E-08,,1.57414E-14,-2.76465E-08,-4.313E-08,1000000,
251.6,1.72673333333333E-14,-2.98E-08,,1.55406E-14,-2.682E-08,-9.56E-09,1000000,
252.0005,1.78445555555556E-14,-2.86081111111111E-08,,1.60601E-14,-2.57473E-08,-4.34E-09,1000000,
252.3995,1.73991111111111E-14,-3.09677777777778E-08,,1.56592E-14,-2.7871E-08,-3.86E-08,1000000,
252.8,1.74693333333333E-14,-3.28351111111111E-08,,1.57224E-14,-2.95516E-08,-1.986E-08,1000000,
253.2005,1.74605555555556E-14,-2.95042222222222E-08,,1.57145E-14,-2.65538E-08,-9.17E-09,1000000,
253.6,1.7306E-14,-2.88773333333333E-08,,1.55754E-14,-2.59896E-08,1.562E-08,1000000,
254.0005,1.7605E-14,-3.12105555555556E-08,,1.58445E-14,-2.80895E-08,-2.884E-08,1000000,
254.4005,1.73692222222222E-14,-2.87073333333333E-08,,1.56323E-14,-2.58366E-08,-4.151E-08,1000000,
254.7995,1.71613333333333E-14,-3.10118888888889E-08,,1.54452E-14,-2.79107E-08,-2.076E-08,1000000,
255.1995,1.7195E-14,-2.62351111111111E-08,,1.54755E-14,-2.36116E-08,-1.925E-08,1000000,
255.5995,1.7298E-14,-2.76831111111111E-08,,1.55682E-14,-2.49148E-08,-3.211E-08,1000000,
256,1.71251111111111E-14,-2.95395555555556E-08,,1.54126E-14,-2.65856E-08,-3.407E-08,1000000,
256.3995,1.72188888888889E-14,-2.95064444444444E-08,,1.5497E-14,-2.65558E-08,2.17E-09,1000000,
256.8005,1.70074444444444E-14,-3.03893333333333E-08,,1.53067E-14,-2.73504E-08,-1.845E-08,1000000,
257.2,1.74777777777778E-14,-2.91223333333333E-08,,1.573E-14,-2.62101E-08,-5.8E-09,1000000,
257.5995,1.66603333333333E-14,-2.98264444444444E-08,,1.49943E-14,-2.68438E-08,-5.88E-09,1000000,
257.9995,1.69416666666667E-14,-2.89346666666667E-08,,1.52475E-14,-2.60412E-08,-3.87E-09,1000000,
258.4,1.70196666666667E-14,-2.84381111111111E-08,,1.53177E-14,-2.55943E-08,-1.1E-09,1000000,
258.7995,1.72905555555556E-14,-2.88332222222222E-08,,1.55615E-14,-2.59499E-08,8.64E-09,1000000,
259.1995,1.70042222222222E-14,-2.76632222222222E-08,,1.53038E-14,-2.48969E-08,-4.006E-08,1000000,
259.6,1.69951111111111E-14,-2.96852222222222E-08,,1.52956E-14,-2.67167E-08,-1.766E-08,1000000,
259.999,1.68296666666667E-14,-2.91245555555556E-08,,1.51467E-14,-2.62121E-08,-2.087E-08,1000000,
260.4,1.66788888888889E-14,-3.02038888888889E-08,,1.5011E-14,-2.71835E-08,-2.357E-08,1000000,
260.8,1.67646666666667E-14,-2.79281111111111E-08,,1.50882E-14,-2.51353E-08,-4.064E-08,1000000,
261.2005,1.71918888888889E-14,-2.78045555555556E-08,,1.54727E-14,-2.50241E-08,-4.198E-08,1000000,
261.6,1.67488888888889E-14,-2.83188888888889E-08,,1.5074E-14,-2.5487E-08,-5.54E-09,1000000,
261.9995,1.69403333333333E-14,-2.78596666666667E-08,,1.52463E-14,-2.50737E-08,3.061E-08,1000000,
262.4,1.68335555555556E-14,-3.05284444444444E-08,,1.51502E-14,-2.74756E-08,1.269E-08,1000000,
262.799,1.69518888888889E-14,-2.93651111111111E-08,,1.52567E-14,-2.64286E-08,-9.34E-09,1000000,
263.2,1.68641111111111E-14,-2.73056666666667E-08,,1.51777E-14,-2.45751E-08,-3.765E-08,1000000,
263.6,1.69101111111111E-14,-2.90936666666667E-08,,1.52191E-14,-2.61843E-08,-3.55E-08,1000000,
264,1.67973333333333E-14,-2.7107E-08,,1.51176E-14,-2.43963E-08,-5.34E-09,1000000,
264.4,1.67316666666667E-14,-2.73078888888889E-08,,1.50585E-14,-2.45771E-08,-7.93E-09,1000000,
264.7995,1.69136666666667E-14,-2.99832222222222E-08,,1.52223E-14,-2.69849E-08,1.133E-08,1000000,
265.1995,1.65984444444444E-14,-2.70098888888889E-08,,1.49386E-14,-2.43089E-08,3.585E-08,1000000,
265.6,1.64801111111111E-14,-2.88265555555556E-08,,1.48321E-14,-2.59439E-08,-2.533E-08,1000000,
266.0005,1.63751111111111E-14,-2.7224E-08,,1.47376E-14,-2.45016E-08,-1.476E-08,1000000,
266.4,1.64692222222222E-14,-2.70694444444444E-08,,1.48223E-14,-2.43625E-08,-1.759E-08,1000000,
266.8005,1.66188888888889E-14,-2.9332E-08,,1.4957E-14,-2.63988E-08,-3.38E-08,1000000,
267.2005,1.65131111111111E-14,-2.84997777777778E-08,,1.48618E-14,-2.56498E-08,-2.807E-08,1000000,
267.5995,1.65517777777778E-14,-2.90648888888889E-08,,1.48966E-14,-2.61584E-08,-3.338E-08,1000000,
268.0005,1.69125555555556E-14,-2.92437777777778E-08,,1.52213E-14,-2.63194E-08,4.569E-08,1000000,
268.3995,1.6466E-14,-2.65418888888889E-08,,1.48194E-14,-2.38877E-08,7.85E-09,1000000,
268.8005,1.6758E-14,-2.95726666666667E-08,,1.50822E-14,-2.66154E-08,-1.856E-08,1000000,
269.1995,1.61846666666667E-14,-2.8023E-08,,1.45662E-14,-2.52207E-08,-6.176E-08,1000000,
269.6005,1.65875555555556E-14,-2.77934444444444E-08,,1.49288E-14,-2.50141E-08,-2.642E-08,1000000,
270.0005,1.66202222222222E-14,-2.74734444444444E-08,,1.49582E-14,-2.47261E-08,-7.39E-09,1000000,
270.4,1.64916666666667E-14,-2.81466666666667E-08,,1.48425E-14,-2.5332E-08,-2.056E-08,1000000,
270.8,1.66065555555556E-14,-2.8299E-08,,1.49459E-14,-2.54691E-08,-2.371E-08,1000000,
271.2,1.60707777777778E-14,-2.68244444444444E-08,,1.44637E-14,-2.4142E-08,6.74E-09,1000000,
271.6005,1.64172222222222E-14,-2.72791111111111E-08,,1.47755E-14,-2.45512E-08,8.56E-09,1000000,
272.0005,1.65626666666667E-14,-2.66566666666667E-08,,1.49064E-14,-2.3991E-08,-1.462E-08,1000000,
272.3985,1.61572222222222E-14,-2.87867777777778E-08,,1.45415E-14,-2.59081E-08,-9.97E-09,1000000,
272.8005,1.62756666666667E-14,-2.77713333333333E-08,,1.46481E-14,-2.49942E-08,-4.183E-08,1000000,
273.2005,1.61526666666667E-14,-2.68994444444444E-08,,1.45374E-14,-2.42095E-08,-4.026E-08,1000000,
273.601,1.6101E-14,-2.78728888888889E-08,,1.44909E-14,-2.50856E-08,-3.523E-08,1000000,
274.0005,1.67028888888889E-14,-2.60386666666667E-08,,1.50326E-14,-2.34348E-08,1.415E-08,1000000,
274.4,1.58354444444444E-14,-2.84114444444444E-08,,1.42519E-14,-2.55703E-08,-1.903E-08,1000000,
274.8,1.59987777777778E-14,-2.98661111111111E-08,,1.43989E-14,-2.68795E-08,-6.469E-08,1000000,
275.2005,1.57216666666667E-14,-2.58421111111111E-08,,1.41495E-14,-2.32579E-08,-4.386E-08,1000000,
275.6005,1.58796666666667E-14,-2.8332E-08,,1.42917E-14,-2.54988E-08,-1.531E-08,1000000,
276,1.63437777777778E-14,-2.92436666666667E-08,,1.47094E-14,-2.63193E-08,1.289E-08,1000000,
276.4,1.58638888888889E-14,-2.54535555555556E-08,,1.42775E-14,-2.29082E-08,-2.118E-08,1000000,
276.7995,1.61853333333333E-14,-2.71665555555556E-08,,1.45668E-14,-2.44499E-08,9.53E-09,1000000,
277.1995,1.58315555555556E-14,-2.90758888888889E-08,,1.42484E-14,-2.61683E-08,-1.456E-08,1000000,
277.6,1.59295555555556E-14,-2.76852222222222E-08,,1.43366E-14,-2.49167E-08,3.593E-08,1000000,
278.0005,1.6217E-14,-2.61798888888889E-08,,1.45953E-14,-2.35619E-08,-9.73E-09,1000000,
278.399,1.57641111111111E-14,-2.9162E-08,,1.41877E-14,-2.62458E-08,-7.335E-08,1000000,
278.7995,1.58108888888889E-14,-2.70627777777778E-08,,1.42298E-14,-2.43565E-08,-1.227E-08,1000000,
279.2005,1.59482222222222E-14,-2.71554444444444E-08,,1.43534E-14,-2.44399E-08,-2.045E-08,1000000,
279.6,1.57191111111111E-14,-2.54955555555556E-08,,1.41472E-14,-2.2946E-08,2.616E-08,1000000,
279.9995,1.57873333333333E-14,-2.72261111111111E-08,,1.42086E-14,-2.45035E-08,-2.464E-08,1000000,
280.399,1.57142222222222E-14,-2.79942222222222E-08,,1.41428E-14,-2.51948E-08,-3.2E-10,1000000,
280.8,1.599E-14,-2.96718888888889E-08,,1.4391E-14,-2.67047E-08,-2.147E-08,1000000,
281.2005,1.54961111111111E-14,-2.77492222222222E-08,,1.39465E-14,-2.49743E-08,-4.729E-08,1000000,
281.6,1.5846E-14,-2.95461111111111E-08,,1.42614E-14,-2.65915E-08,3.908E-08,1000000,
282.0005,1.59134444444444E-14,-2.65108888888889E-08,,1.43221E-14,-2.38598E-08,-4.508E-08,1000000,
282.4005,1.51545555555556E-14,-2.62062222222222E-08,,1.36391E-14,-2.35856E-08,-5.316E-08,1000000,
282.8,1.58301111111111E-14,-2.93517777777778E-08,,1.42471E-14,-2.64166E-08,3.1E-09,1000000,
283.2,1.53168888888889E-14,-2.63232222222222E-08,,1.37852E-14,-2.36909E-08,-1.756E-08,1000000,
283.6005,1.58206666666667E-14,-2.74314444444444E-08,,1.42386E-14,-2.46883E-08,-9.28E-09,1000000,
283.9995,1.55161111111111E-14,-2.57978888888889E-08,,1.39645E-14,-2.32181E-08,-5.093E-08,1000000,
284.4,1.54725555555556E-14,-2.75461111111111E-08,,1.39253E-14,-2.47915E-08,-4.068E-08,1000000,
284.8005,1.56415555555556E-14,-2.68862222222222E-08,,1.40774E-14,-2.41976E-08,-3.634E-08,1000000,
285.1995,1.57852222222222E-14,-2.71245555555556E-08,,1.42067E-14,-2.44121E-08,1.068E-08,1000000,
285.6,1.53407777777778E-14,-2.63034444444444E-08,,1.38067E-14,-2.36731E-08,-2.185E-08,1000000,
286,1.55101111111111E-14,-2.59325555555556E-08,,1.39591E-14,-2.33393E-08,-4.573E-08,1000000,
286.4,1.5442E-14,-2.7321E-08,,1.38978E-14,-2.45889E-08,1.43E-09,1000000,
286.8005,1.5514E-14,-2.67448888888889E-08,,1.39626E-14,-2.40704E-08,-2.39E-09,1000000,
287.2,1.53527777777778E-14,-2.39944444444444E-08,,1.38175E-14,-2.1595E-08,2.326E-08,1000000,
287.599,1.55877777777778E-14,-2.61643333333333E-08,,1.4029E-14,-2.35479E-08,-1.695E-08,1000000,
288,1.5541E-14,-2.53343333333333E-08,,1.39869E-14,-2.28009E-08,2.033E-08,1000000,
288.4,1.54855555555556E-14,-2.65793333333333E-08,,1.3937E-14,-2.39214E-08,-5.547E-08,1000000,
288.7995,1.55705555555556E-14,-2.6586E-08,,1.40135E-14,-2.39274E-08,-1.728E-08,1000000,
289.2,1.51654444444444E-14,-2.64071111111111E-08,,1.36489E-14,-2.37664E-08,2.16E-09,1000000,
289.599,1.52122222222222E-14,-2.74666666666667E-08,,1.3691E-14,-2.472E-08,-3.672E-08,1000000,
290.0005,1.54416666666667E-14,-2.58376666666667E-08,,1.38975E-14,-2.32539E-08,-3.507E-08,1000000,
290.3995,1.52027777777778E-14,-2.59678888888889E-08,,1.36825E-14,-2.33711E-08,-2.171E-08,1000000,
290.801,1.51043333333333E-14,-2.47604444444444E-08,,1.35939E-14,-2.22844E-08,1.304E-08,1000000,
291.2,1.53087777777778E-14,-2.80538888888889E-08,,1.37779E-14,-2.52485E-08,-4.215E-08,1000000,
291.5995,1.53513333333333E-14,-2.65131111111111E-08,,1.38162E-14,-2.38618E-08,-1.368E-08,1000000,
292.0005,1.50541111111111E-14,-2.31292222222222E-08,,1.35487E-14,-2.08163E-08,-3.85E-08,1000000,
292.4,1.51981111111111E-14,-2.56985555555556E-08,,1.36783E-14,-2.31287E-08,1.205E-08,1000000,
292.8005,1.5189E-14,-2.59171111111111E-08,,1.36701E-14,-2.33254E-08,-3.466E-08,1000000,
293.2,1.50867777777778E-14,-2.6204E-08,,1.35781E-14,-2.35836E-08,-1.881E-08,1000000,
293.6005,1.50903333333333E-14,-2.82568888888889E-08,,1.35813E-14,-2.54312E-08,-1.226E-08,1000000,
294.0005,1.50235555555556E-14,-2.52284444444444E-08,,1.35212E-14,-2.27056E-08,1.807E-08,1000000,
294.401,1.52526666666667E-14,-2.58553333333333E-08,,1.37274E-14,-2.32698E-08,1.162E-08,1000000,
294.8,1.50495555555556E-14,-2.34691111111111E-08,,1.35446E-14,-2.11222E-08,-1.055E-08,1000000,
295.199,1.48977777777778E-14,-2.5831E-08,,1.3408E-14,-2.32479E-08,-5.659E-08,1000000,
295.6,1.49554444444444E-14,-2.56808888888889E-08,,1.34599E-14,-2.31128E-08,-2.66E-08,1000000,
296,1.51022222222222E-14,-2.34315555555556E-08,,1.3592E-14,-2.10884E-08,2.628E-08,1000000,
296.4005,1.48007777777778E-14,-2.40915555555556E-08,,1.33207E-14,-2.16824E-08,-5.275E-08,1000000,
296.7995,1.52508888888889E-14,-2.4617E-08,,1.37258E-14,-2.21553E-08,-1.155E-08,1000000,
297.2,1.4948E-14,-2.57625555555556E-08,,1.34532E-14,-2.31863E-08,-1.354E-08,1000000,
297.6,1.51051111111111E-14,-2.4224E-08,,1.35946E-14,-2.18016E-08,5.24E-09,1000000,
298,1.49961111111111E-14,-2.65484444444444E-08,,1.34965E-14,-2.38936E-08,-5.37E-09,1000000,
298.4005,1.4818E-14,-2.73121111111111E-08,,1.33362E-14,-2.45809E-08,-4.73E-09,1000000,
298.7995,1.52466666666667E-14,-2.46235555555556E-08,,1.3722E-14,-2.21612E-08,-5.718E-08,1000000,
299.2,1.47643333333333E-14,-2.57338888888889E-08,,1.32879E-14,-2.31605E-08,-6.828E-08,1000000,
299.6,1.45826666666667E-14,-2.62988888888889E-08,,1.31244E-14,-2.3669E-08,4.779E-08,1000000,
300,1.49202222222222E-14,-2.53938888888889E-08,,1.34282E-14,-2.28545E-08,-2.446E-08,1000000,
300.4005,1.42963333333333E-14,-2.71067777777778E-08,,1.28667E-14,-2.43961E-08,-5.226E-08,1000000,
300.8005,1.47245555555556E-14,-2.4564E-08,,1.32521E-14,-2.21076E-08,-4.638E-08,1000000,
301.2005,1.50207777777778E-14,-2.48023333333333E-08,,1.35187E-14,-2.23221E-08,-7.4E-09,1000000,
301.6,1.48792222222222E-14,-2.45308888888889E-08,,1.33913E-14,-2.20778E-08,-1.72E-08,1000000,
302.0005,1.47758888888889E-14,-2.34315555555556E-08,,1.32983E-14,-2.10884E-08,2.529E-08,1000000,
302.4,1.44702222222222E-14,-2.50385555555556E-08,,1.30232E-14,-2.25347E-08,-2.531E-08,1000000,
302.8005,1.4837E-14,-2.63298888888889E-08,,1.33533E-14,-2.36969E-08,-2.076E-08,1000000,
303.2005,1.40057777777778E-14,-2.57646666666667E-08,,1.26052E-14,-2.31882E-08,-8.114E-08,1000000,
303.6,1.4635E-14,-2.51047777777778E-08,,1.31715E-14,-2.25943E-08,-5.108E-08,1000000,
304,1.46782222222222E-14,-2.57802222222222E-08,,1.32104E-14,-2.32022E-08,5.421E-08,1000000,
304.401,1.41104444444444E-14,-2.39215555555556E-08,,1.26994E-14,-2.15294E-08,-3.072E-08,1000000,
304.8,1.45781111111111E-14,-2.41577777777778E-08,,1.31203E-14,-2.1742E-08,-2.483E-08,1000000,
305.2,1.39721111111111E-14,-2.49391111111111E-08,,1.25749E-14,-2.24452E-08,7.54E-09,1000000,
305.6005,1.4342E-14,-2.56146666666667E-08,,1.29078E-14,-2.30532E-08,-3.24E-09,1000000,
306.0005,1.44583333333333E-14,-2.45705555555556E-08,,1.30125E-14,-2.21135E-08,-1.07E-09,1000000,
306.3995,1.4387E-14,-2.39016666666667E-08,,1.29483E-14,-2.15115E-08,-3.384E-08,1000000,
306.8005,1.46174444444444E-14,-2.8418E-08,,1.31557E-14,-2.55762E-08,2.294E-08,1000000,
307.2,1.44646666666667E-14,-2.49193333333333E-08,,1.30182E-14,-2.24274E-08,-2.61E-08,1000000,
307.5995,1.46273333333333E-14,-2.41092222222222E-08,,1.31646E-14,-2.16983E-08,-2.48E-09,1000000,
308.001,1.42324444444444E-14,-2.53475555555556E-08,,1.28092E-14,-2.28128E-08,2.947E-08,1000000,
308.401,1.45633333333333E-14,-2.74445555555556E-08,,1.3107E-14,-2.47001E-08,-3.488E-08,1000000,
308.8,1.42288888888889E-14,-2.20673333333333E-08,,1.2806E-14,-1.98606E-08,-2.394E-08,1000000,
309.2005,1.44442222222222E-14,-2.54777777777778E-08,,1.29998E-14,-2.293E-08,-3.792E-08,1000000,
309.6,1.44164444444444E-14,-2.20541111111111E-08,,1.29748E-14,-1.98487E-08,-1.556E-08,1000000,
310,1.4563E-14,-2.34536666666667E-08,,1.31067E-14,-2.11083E-08,1.279E-08,1000000,
310.4,1.41414444444444E-14,-2.61907777777778E-08,,1.27273E-14,-2.35717E-08,-4.921E-08,1000000,
310.801,1.43501111111111E-14,-2.52151111111111E-08,,1.29151E-14,-2.26936E-08,-2.307E-08,1000000,
311.199,1.39801111111111E-14,-2.46831111111111E-08,,1.25821E-14,-2.22148E-08,-8.112E-08,1000000,
311.5995,1.44562222222222E-14,-2.70141111111111E-08,,1.30106E-14,-2.43127E-08,-4.439E-08,1000000,
312.0005,1.43897777777778E-14,-2.49148888888889E-08,,1.29508E-14,-2.24234E-08,6.156E-08,1000000,
312.4,1.42854444444444E-14,-2.37891111111111E-08,,1.28569E-14,-2.14102E-08,-4.049E-08,1000000,
312.8005,1.40078888888889E-14,-2.45551111111111E-08,,1.26071E-14,-2.20996E-08,-3.838E-08,1000000,
313.199,1.41484444444444E-14,-2.60406666666667E-08,,1.27336E-14,-2.34366E-08,-1.804E-08,1000000,
313.6,1.425E-14,-2.36456666666667E-08,,1.2825E-14,-2.12811E-08,1.132E-08,1000000,
314,1.4232E-14,-2.28178888888889E-08,,1.28088E-14,-2.05361E-08,-3.655E-08,1000000,
314.4,1.42022222222222E-14,-2.60847777777778E-08,,1.2782E-14,-2.34763E-08,-1.843E-08,1000000,
314.7995,1.42513333333333E-14,-2.34911111111111E-08,,1.28262E-14,-2.1142E-08,-5.623E-08,1000000,
315.2,1.39861111111111E-14,-2.3469E-08,,1.25875E-14,-2.11221E-08,-6.355E-08,1000000,
315.6005,1.43595555555556E-14,-2.47757777777778E-08,,1.29236E-14,-2.22982E-08,4.565E-08,1000000,
316,1.40075555555556E-14,-2.33454444444444E-08,,1.26068E-14,-2.10109E-08,-8.108E-08,1000000,
316.4,1.39428888888889E-14,-2.60031111111111E-08,,1.25486E-14,-2.34028E-08,-7.56E-09,1000000,
316.8,1.42098888888889E-14,-2.16236666666667E-08,,1.27889E-14,-1.94613E-08,-1.263E-08,1000000,
317.2,1.40912222222222E-14,-2.21556666666667E-08,,1.26821E-14,-1.99401E-08,-2.195E-08,1000000,
317.5995,1.42334444444444E-14,-2.47184444444444E-08,,1.28101E-14,-2.22466E-08,2.68E-09,1000000,
318,1.42011111111111E-14,-2.47846666666667E-08,,1.2781E-14,-2.23062E-08,-2.983E-08,1000000,
318.3995,1.42341111111111E-14,-2.46301111111111E-08,,1.28107E-14,-2.21671E-08,5.984E-08,1000000,
318.8,1.401E-14,-2.62172222222222E-08,,1.2609E-14,-2.35955E-08,-4.777E-08,1000000,
319.2,1.38346666666667E-14,-2.40208888888889E-08,,1.24512E-14,-2.16188E-08,5.97E-09,1000000,
319.6005,1.42605555555556E-14,-2.3681E-08,,1.28345E-14,-2.13129E-08,-2.297E-08,1000000,
320,1.36477777777778E-14,-2.03654444444444E-08,,1.2283E-14,-1.83289E-08,-1.427E-08,1000000,
320.4005,1.36643333333333E-14,-2.48817777777778E-08,,1.22979E-14,-2.23936E-08,-5.488E-08,1000000,
320.8,1.41575555555556E-14,-2.29724444444444E-08,,1.27418E-14,-2.06752E-08,-3.981E-08,1000000,
321.1995,1.39657777777778E-14,-2.20762222222222E-08,,1.25692E-14,-1.98686E-08,4.17E-09,1000000,
321.6005,1.44698888888889E-14,-2.49126666666667E-08,,1.30229E-14,-2.24214E-08,-6.068E-08,1000000,
322,1.37542222222222E-14,-2.45064444444444E-08,,1.23788E-14,-2.20558E-08,-3.167E-08,1000000,
322.3995,1.38466666666667E-14,-2.30275555555556E-08,,1.2462E-14,-2.07248E-08,-1.961E-08,1000000,
322.7995,1.39373333333333E-14,-2.38398888888889E-08,,1.25436E-14,-2.14559E-08,-1.827E-08,1000000,
323.1995,1.37728888888889E-14,-2.51863333333333E-08,,1.23956E-14,-2.26677E-08,-5.426E-08,1000000,
323.6005,1.39092222222222E-14,-2.56764444444444E-08,,1.25183E-14,-2.31088E-08,1.879E-08,1000000,
324,1.36477777777778E-14,-2.54622222222222E-08,,1.2283E-14,-2.2916E-08,-3.928E-08,1000000,
324.4005,1.36851111111111E-14,-2.36676666666667E-08,,1.23166E-14,-2.13009E-08,-4.8E-09,1000000,
324.8,1.38515555555556E-14,-2.34822222222222E-08,,1.24664E-14,-2.1134E-08,-2.164E-08,1000000,
325.201,1.36435555555556E-14,-2.44424444444444E-08,,1.22792E-14,-2.19982E-08,-5.888E-08,1000000,
325.6005,1.39007777777778E-14,-2.34204444444444E-08,,1.25107E-14,-2.10784E-08,2.854E-08,1000000,
325.9995,1.36713333333333E-14,-2.37074444444444E-08,,1.23042E-14,-2.13367E-08,-5.08E-08,1000000,
326.3995,1.38898888888889E-14,-2.22306666666667E-08,,1.25009E-14,-2.00076E-08,-5.79E-09,1000000,
326.8,1.35993333333333E-14,-2.26787777777778E-08,,1.22394E-14,-2.04109E-08,-1.023E-08,1000000,
327.2,1.34184444444444E-14,-2.24161111111111E-08,,1.20766E-14,-2.01745E-08,-1.404E-08,1000000,
327.6005,1.34148888888889E-14,-2.39281111111111E-08,,1.20734E-14,-2.15353E-08,-3.926E-08,1000000,
328,1.38884444444444E-14,-2.27031111111111E-08,,1.24996E-14,-2.04328E-08,3.529E-08,1000000,
328.4005,1.38908888888889E-14,-2.58507777777778E-08,,1.25018E-14,-2.32657E-08,-7.093E-08,1000000,
328.7995,1.32747777777778E-14,-2.20033333333333E-08,,1.19473E-14,-1.9803E-08,1.134E-08,1000000,
329.2,1.3854E-14,-2.51532222222222E-08,,1.24686E-14,-2.26379E-08,5.26E-09,1000000,
329.6,1.35614444444444E-14,-2.22792222222222E-08,,1.22053E-14,-2.00513E-08,-3.877E-08,1000000,
330,1.34201111111111E-14,-2.43012222222222E-08,,1.20781E-14,-2.18711E-08,-8.039E-08,1000000,
330.3995,1.33534444444444E-14,-2.46322222222222E-08,,1.20181E-14,-2.2169E-08,-2.151E-08,1000000,
330.8005,1.34282222222222E-14,-2.57161111111111E-08,,1.20854E-14,-2.31445E-08,-3.923E-08,1000000,
331.2,1.3683E-14,-2.44402222222222E-08,,1.23147E-14,-2.19962E-08,-2.765E-08,1000000,
331.5995,1.33404444444444E-14,-2.33012222222222E-08,,1.20064E-14,-2.09711E-08,-1.452E-08,1000000,
332.001,1.35044444444444E-14,-2.23586666666667E-08,,1.2154E-14,-2.01228E-08,-3.757E-08,1000000,
332.4005,1.31496666666667E-14,-2.28354444444444E-08,,1.18347E-14,-2.05519E-08,-1.192E-08,1000000,
332.7995,1.32912222222222E-14,-2.44181111111111E-08,,1.19621E-14,-2.19763E-08,-5.354E-08,1000000,
333.2,1.34331111111111E-14,-2.50671111111111E-08,,1.20898E-14,-2.25604E-08,1.854E-08,1000000,
333.6005,1.35838888888889E-14,-2.44247777777778E-08,,1.22255E-14,-2.19823E-08,-5.737E-08,1000000,
334,1.33758888888889E-14,-2.49633333333333E-08,,1.20383E-14,-2.2467E-08,7.16E-09,1000000,
334.4,1.38357777777778E-14,-2.24116666666667E-08,,1.24522E-14,-2.01705E-08,-4.18E-09,1000000,
334.7995,1.32431111111111E-14,-2.19237777777778E-08,,1.19188E-14,-1.97314E-08,-5.79E-09,1000000,
335.1995,1.35198888888889E-14,-2.26677777777778E-08,,1.21679E-14,-2.0401E-08,-2E-08,1000000,
335.6005,1.34088888888889E-14,-2.2915E-08,,1.2068E-14,-2.06235E-08,-7.963E-08,1000000,
336.0005,1.30456666666667E-14,-2.06501111111111E-08,,1.17411E-14,-1.85851E-08,1.325E-08,1000000,
336.4,1.32101111111111E-14,-2.2937E-08,,1.18891E-14,-2.06433E-08,-6.87E-08,1000000,
336.8,1.31922222222222E-14,-2.02175555555556E-08,,1.1873E-14,-1.81958E-08,-1.317E-08,1000000,
337.199,1.31145555555556E-14,-2.53738888888889E-08,,1.18031E-14,-2.28365E-08,2.953E-08,1000000,
337.5995,1.30248888888889E-14,-2.21291111111111E-08,,1.17224E-14,-1.99162E-08,-3.428E-08,1000000,
338.0005,1.30976666666667E-14,-2.37912222222222E-08,,1.17879E-14,-2.14121E-08,-4.05E-08,1000000,
338.4,1.32508888888889E-14,-2.3054E-08,,1.19258E-14,-2.07486E-08,-1.455E-08,1000000,
338.8005,1.33698888888889E-14,-2.19812222222222E-08,,1.20329E-14,-1.97831E-08,4.928E-08,1000000,
339.2,1.31872222222222E-14,-2.15772222222222E-08,,1.18685E-14,-1.94195E-08,-6.077E-08,1000000,
339.6,1.32575555555556E-14,-2.08643333333333E-08,,1.19318E-14,-1.87779E-08,-1.66E-09,1000000,
340.001,1.34517777777778E-14,-2.19503333333333E-08,,1.21066E-14,-1.97553E-08,4.361E-08,1000000,
340.4,1.31732222222222E-14,-2.20518888888889E-08,,1.18559E-14,-1.98467E-08,-4.693E-08,1000000,
340.8005,1.31995555555556E-14,-2.4076E-08,,1.18796E-14,-2.16684E-08,-6.071E-08,1000000,
341.2005,1.32371111111111E-14,-2.23895555555556E-08,,1.19134E-14,-2.01506E-08,6.061E-08,1000000,
341.601,1.3144E-14,-2.19481111111111E-08,,1.18296E-14,-1.97533E-08,-7.094E-08,1000000,
342,1.29072222222222E-14,-2.40583333333333E-08,,1.16165E-14,-2.16525E-08,-1.364E-08,1000000,
342.4,1.31412222222222E-14,-2.41091111111111E-08,,1.18271E-14,-2.16982E-08,2.979E-08,1000000,
342.8005,1.30762222222222E-14,-2.15904444444444E-08,,1.17686E-14,-1.94314E-08,-5.408E-08,1000000,
343.201,1.29845555555556E-14,-2.16081111111111E-08,,1.16861E-14,-1.94473E-08,-5.946E-08,1000000,
343.6,1.32198888888889E-14,-2.06104444444444E-08,,1.18979E-14,-1.85494E-08,-5.526E-08,1000000,
344.0005,1.30118888888889E-14,-2.24513333333333E-08,,1.17107E-14,-2.02062E-08,1.404E-08,1000000,
344.3995,1.23865555555556E-14,-2.32482222222222E-08,,1.11479E-14,-2.09234E-08,-7.73E-08,1000000,
344.8005,1.29733333333333E-14,-2.46277777777778E-08,,1.1676E-14,-2.2165E-08,-2.448E-08,1000000,
345.2005,1.31222222222222E-14,-2.23255555555556E-08,,1.181E-14,-2.0093E-08,4.929E-08,1000000,
345.6,1.28963333333333E-14,-2.08046666666667E-08,,1.16067E-14,-1.87242E-08,-1.606E-08,1000000,
346,1.28857777777778E-14,-2.15132222222222E-08,,1.15972E-14,-1.93619E-08,-3.697E-08,1000000,
346.4005,1.28278888888889E-14,-2.10783333333333E-08,,1.15451E-14,-1.89705E-08,6.316E-08,1000000,
346.8,1.25362222222222E-14,-2.1096E-08,,1.12826E-14,-1.89864E-08,-6.101E-08,1000000,
347.2005,1.33098888888889E-14,-2.16302222222222E-08,,1.19789E-14,-1.94672E-08,1.657E-08,1000000,
347.601,1.30232222222222E-14,-2.06876666666667E-08,,1.17209E-14,-1.86189E-08,3.43E-08,1000000,
348.0005,1.3175E-14,-2.24271111111111E-08,,1.18575E-14,-2.01844E-08,-2.028E-08,1000000,
348.4,1.31366666666667E-14,-2.05552222222222E-08,,1.1823E-14,-1.84997E-08,-7.58E-08,1000000,
348.799,1.26511111111111E-14,-2.36278888888889E-08,,1.1386E-14,-2.12651E-08,3.986E-08,1000000,
349.2,1.25868888888889E-14,-2.22725555555556E-08,,1.13282E-14,-2.00453E-08,-6.986E-08,1000000,
349.5995,1.26943333333333E-14,-2.07472222222222E-08,,1.14249E-14,-1.86725E-08,-3.751E-08,1000000,
349.9995,1.28355555555556E-14,-2.348E-08,,1.1552E-14,-2.1132E-08,-9.43E-09,1000000,
350.4005,1.30302222222222E-14,-2.42128888888889E-08,,1.17272E-14,-2.17916E-08,-1.77E-08,1000000,
350.8,1.23381111111111E-14,-2.14911111111111E-08,,1.11043E-14,-1.9342E-08,-2.146E-08,1000000,
351.2,1.30892222222222E-14,-2.19481111111111E-08,,1.17803E-14,-1.97533E-08,-2.298E-08,1000000,
351.6005,1.28022222222222E-14,-2.16081111111111E-08,,1.1522E-14,-1.94473E-08,6.682E-08,1000000,
352.0005,1.28254444444444E-14,-2.06324444444444E-08,,1.15429E-14,-1.85692E-08,-7.369E-08,1000000,
352.4005,1.30955555555556E-14,-2.33475555555556E-08,,1.1786E-14,-2.10128E-08,7.07E-09,1000000,
352.799,1.2921E-14,-2.2096E-08,,1.16289E-14,-1.98864E-08,-1.14E-09,1000000,
353.2005,1.25228888888889E-14,-2.44158888888889E-08,,1.12706E-14,-2.19743E-08,-2.868E-08,1000000,
353.6005,1.25727777777778E-14,-2.24645555555556E-08,,1.13155E-14,-2.02181E-08,-5.443E-08,1000000,
354,1.24281111111111E-14,-2.21775555555556E-08,,1.11853E-14,-1.99598E-08,5.633E-08,1000000,
354.401,1.2903E-14,-2.13675555555556E-08,,1.16127E-14,-1.92308E-08,-8.8E-08,1000000,
354.7995,1.26813333333333E-14,-2.09657777777778E-08,,1.14132E-14,-1.88692E-08,4.1E-10,1000000,
355.2015,1.27175555555556E-14,-1.94603333333333E-08,,1.14458E-14,-1.75143E-08,2.84E-08,1000000,
355.6,1.21611111111111E-14,-2.25771111111111E-08,,1.0945E-14,-2.03194E-08,-5.527E-08,1000000,
355.9995,1.28446666666667E-14,-2.20186666666667E-08,,1.15602E-14,-1.98168E-08,-3.256E-08,1000000,
356.401,1.3085E-14,-2.29701111111111E-08,,1.17765E-14,-2.06731E-08,6.296E-08,1000000,
356.8,1.24983333333333E-14,-2.13895555555556E-08,,1.12485E-14,-1.92506E-08,-5.738E-08,1000000,
357.2,1.24624444444444E-14,-2.13564444444444E-08,,1.12162E-14,-1.92208E-08,-2.059E-08,1000000,
357.6005,1.25591111111111E-14,-2.08178888888889E-08,,1.13032E-14,-1.87361E-08,-3.245E-08,1000000,
357.9995,1.27305555555556E-14,-2.41907777777778E-08,,1.14575E-14,-2.17717E-08,-1.447E-08,1000000,
358.4005,1.26806666666667E-14,-2.07648888888889E-08,,1.14126E-14,-1.86884E-08,-5.442E-08,1000000,
358.8005,1.22745555555556E-14,-2.11577777777778E-08,,1.10471E-14,-1.9042E-08,-1.64E-08,1000000,
359.2,1.24276666666667E-14,-2.20054444444444E-08,,1.11849E-14,-1.98049E-08,-3.449E-08,1000000,
359.6,1.26332222222222E-14,-2.06192222222222E-08,,1.13699E-14,-1.85573E-08,6.17E-09,1000000,
359.9995,1.20602222222222E-14,-2.12571111111111E-08,,1.08542E-14,-1.91314E-08,-1.923E-08,1000000,
360.401,1.24442222222222E-14,-2.15882222222222E-08,,1.11998E-14,-1.94294E-08,-5.736E-08,1000000,
360.7995,1.28433333333333E-14,-2.41201111111111E-08,,1.1559E-14,-2.17081E-08,1.959E-08,1000000,
361.2005,1.22534444444444E-14,-2.17074444444444E-08,,1.10281E-14,-1.95367E-08,-5.754E-08,1000000,
361.601,1.2239E-14,-2.08686666666667E-08,,1.10151E-14,-1.87818E-08,2.273E-08,1000000,
361.9995,1.255E-14,-2.18266666666667E-08,,1.1295E-14,-1.9644E-08,1.691E-08,1000000,
362.3995,1.26842222222222E-14,-1.95531111111111E-08,,1.14158E-14,-1.75978E-08,-1.901E-08,1000000,
362.8005,1.27027777777778E-14,-2.43827777777778E-08,,1.14325E-14,-2.19445E-08,-2.466E-08,1000000,
363.1995,1.21438888888889E-14,-2.04778888888889E-08,,1.09295E-14,-1.84301E-08,2.181E-08,1000000,
363.6,1.22256666666667E-14,-1.90012222222222E-08,,1.10031E-14,-1.71011E-08,-4.478E-08,1000000,
364,1.24276666666667E-14,-2.34777777777778E-08,,1.11849E-14,-2.113E-08,-1.006E-08,1000000,
364.4,1.19271111111111E-14,-2.0745E-08,,1.07344E-14,-1.86705E-08,-5.09E-09,1000000,
364.8,1.22443333333333E-14,-2.03896666666667E-08,,1.10199E-14,-1.83507E-08,-1.241E-08,1000000,
365.2,1.233E-14,-1.98643333333333E-08,,1.1097E-14,-1.78779E-08,-5.406E-08,1000000,
365.6005,1.25004444444444E-14,-1.94978888888889E-08,,1.12504E-14,-1.75481E-08,-4.271E-08,1000000,
366,1.261E-14,-2.2895E-08,,1.1349E-14,-2.06055E-08,-1.37E-08,1000000,
366.399,1.20166666666667E-14,-2.16014444444444E-08,,1.0815E-14,-1.94413E-08,-5.448E-08,1000000,
366.8005,1.21013333333333E-14,-2.05396666666667E-08,,1.08912E-14,-1.84857E-08,5.812E-08,1000000,
367.199,1.23785555555556E-14,-2.23784444444444E-08,,1.11407E-14,-2.01406E-08,-4.684E-08,1000000,
367.5985,1.24003333333333E-14,-2.30936666666667E-08,,1.11603E-14,-2.07843E-08,2.723E-08,1000000,
368.001,1.2413E-14,-2.15441111111111E-08,,1.11717E-14,-1.93897E-08,1.21E-09,1000000,
368.4,1.21154444444444E-14,-1.96082222222222E-08,,1.09039E-14,-1.76474E-08,-6.835E-08,1000000,
368.8005,1.24178888888889E-14,-2.14447777777778E-08,,1.11761E-14,-1.93003E-08,-5.537E-08,1000000,
369.2,1.2121E-14,-1.94514444444444E-08,,1.09089E-14,-1.75063E-08,1.636E-08,1000000,
369.6,1.25043333333333E-14,-2.23983333333333E-08,,1.12539E-14,-2.01585E-08,-4.38E-08,1000000,
370,1.24058888888889E-14,-2.25882222222222E-08,,1.11653E-14,-2.03294E-08,-7.8E-08,1000000,
370.3995,1.20223333333333E-14,-2.20914444444444E-08,,1.08201E-14,-1.98823E-08,3.983E-08,1000000,
370.8005,1.22207777777778E-14,-2.18906666666667E-08,,1.09987E-14,-1.97016E-08,-2.232E-08,1000000,
371.2,1.24632222222222E-14,-2.21401111111111E-08,,1.12169E-14,-1.99261E-08,2.687E-08,1000000,
371.601,1.23543333333333E-14,-2.13233333333333E-08,,1.11189E-14,-1.9191E-08,-2.97E-09,1000000,
371.9995,1.23026666666667E-14,-2.06478888888889E-08,,1.10724E-14,-1.85831E-08,7.317E-08,1000000,
372.4005,1.20852222222222E-14,-2.033E-08,,1.08767E-14,-1.8297E-08,-7.871E-08,1000000,
372.8,1.18086666666667E-14,-2.21753333333333E-08,,1.06278E-14,-1.99578E-08,1.27E-08,1000000,
373.1995,1.21663333333333E-14,-2.1341E-08,,1.09497E-14,-1.92069E-08,-4.607E-08,1000000,
373.6005,1.18842222222222E-14,-2.08508888888889E-08,,1.06958E-14,-1.87658E-08,4.619E-08,1000000,
374.0005,1.22271111111111E-14,-2.16743333333333E-08,,1.10044E-14,-1.95069E-08,-4.614E-08,1000000,
374.3995,1.19994444444444E-14,-2.37227777777778E-08,,1.07995E-14,-2.13505E-08,-4.45E-09,1000000,
374.7995,1.20236666666667E-14,-2.11842222222222E-08,,1.08213E-14,-1.90658E-08,-3.677E-08,1000000,
375.2005,1.19E-14,-1.9915E-08,,1.071E-14,-1.79235E-08,5.13E-09,1000000,
375.5995,1.20964444444444E-14,-2.34115555555556E-08,,1.08868E-14,-2.10704E-08,-1.184E-08,1000000,
375.9995,1.21533333333333E-14,-2.03388888888889E-08,,1.0938E-14,-1.8305E-08,-4.555E-08,1000000,
376.3995,1.19688888888889E-14,-2.00673333333333E-08,,1.0772E-14,-1.80606E-08,-4.722E-08,1000000,
376.8,1.25911111111111E-14,-2.34976666666667E-08,,1.1332E-14,-2.11479E-08,-7E-08,1000000,
377.2,1.2063E-14,-2.15131111111111E-08,,1.08567E-14,-1.93618E-08,1.641E-08,1000000,
377.601,1.19425555555556E-14,-2.30715555555556E-08,,1.07483E-14,-2.07644E-08,3.16E-09,1000000,
378,1.24411111111111E-14,-2.06898888888889E-08,,1.1197E-14,-1.86209E-08,-7.02E-09,1000000,
378.4005,1.21905555555556E-14,-2.13343333333333E-08,,1.09715E-14,-1.92009E-08,-6.281E-08,1000000,
378.7995,1.20408888888889E-14,-2.25815555555556E-08,,1.08368E-14,-2.03234E-08,4.728E-08,1000000,
379.2,1.2042E-14,-2.06964444444444E-08,,1.08378E-14,-1.86268E-08,8.54E-09,1000000,
379.6,1.21417777777778E-14,-2.02572222222222E-08,,1.09276E-14,-1.82315E-08,4.029E-08,1000000,
380,1.18371111111111E-14,-1.92682222222222E-08,,1.06534E-14,-1.73414E-08,-3.488E-08,1000000,
380.4,1.21811111111111E-14,-1.96391111111111E-08,,1.0963E-14,-1.76752E-08,1.9E-09,1000000,
380.7995,1.197E-14,-1.9776E-08,,1.0773E-14,-1.77984E-08,-2.484E-08,1000000,
381.2,1.16713333333333E-14,-2.24314444444444E-08,,1.05042E-14,-2.01883E-08,-1.808E-08,1000000,
381.6005,1.19222222222222E-14,-1.85862222222222E-08,,1.073E-14,-1.67276E-08,-1.712E-08,1000000,
381.9995,1.21824444444444E-14,-1.8935E-08,,1.09642E-14,-1.70415E-08,-1.759E-08,1000000,
382.3995,1.16682222222222E-14,-2.03454444444444E-08,,1.05014E-14,-1.83109E-08,-4.092E-08,1000000,
382.8,1.22896666666667E-14,-2.34424444444444E-08,,1.10607E-14,-2.10982E-08,-8.275E-08,1000000,
383.2,1.17356666666667E-14,-2.01865555555556E-08,,1.05621E-14,-1.81679E-08,4.229E-08,1000000,
383.6005,1.24557777777778E-14,-2.00607777777778E-08,,1.12102E-14,-1.80547E-08,-4.118E-08,1000000,
383.999,1.21965555555556E-14,-1.95993333333333E-08,,1.09769E-14,-1.76394E-08,1.356E-08,1000000,
384.401,1.16024444444444E-14,-1.96964444444444E-08,,1.04422E-14,-1.77268E-08,-1.205E-08,1000000,
384.7995,1.23111111111111E-14,-2.09172222222222E-08,,1.108E-14,-1.88255E-08,-4.011E-08,1000000,
385.2005,1.15567777777778E-14,-2.10694444444444E-08,,1.04011E-14,-1.89625E-08,-6.752E-08,1000000,
385.599,1.17584444444444E-14,-2.09304444444444E-08,,1.05826E-14,-1.88374E-08,-4.719E-08,1000000,
386,1.18536666666667E-14,-2.00232222222222E-08,,1.06683E-14,-1.80209E-08,-3.12E-08,1000000,
386.401,1.14911111111111E-14,-2.13254444444444E-08,,1.0342E-14,-1.91929E-08,-3.305E-08,1000000,
386.7995,1.20247777777778E-14,-1.86701111111111E-08,,1.08223E-14,-1.68031E-08,2.001E-08,1000000,
387.2005,1.19945555555556E-14,-1.99613333333333E-08,,1.07951E-14,-1.79652E-08,2.029E-08,1000000,
387.601,1.21034444444444E-14,-2.09966666666667E-08,,1.08931E-14,-1.8897E-08,-6.01E-09,1000000,
387.9995,1.13776666666667E-14,-1.81998888888889E-08,,1.02399E-14,-1.63799E-08,-3.638E-08,1000000,
388.4,1.1384E-14,-2.15726666666667E-08,,1.02456E-14,-1.94154E-08,1.826E-08,1000000,
388.8,1.20956666666667E-14,-1.9681E-08,,1.08861E-14,-1.77129E-08,-6.93E-09,1000000,
389.2005,1.12676666666667E-14,-1.71911111111111E-08,,1.01409E-14,-1.5472E-08,7.49E-09,1000000,
389.6005,1.16271111111111E-14,-2.10937777777778E-08,,1.04644E-14,-1.89844E-08,-2.523E-08,1000000,
390,1.16786666666667E-14,-1.89017777777778E-08,,1.05108E-14,-1.70116E-08,7.883E-08,1000000,
390.4,1.20257777777778E-14,-1.9681E-08,,1.08232E-14,-1.77129E-08,-2.717E-08,1000000,
390.8005,1.16573333333333E-14,-1.9862E-08,,1.04916E-14,-1.78758E-08,7.4E-10,1000000,
391.199,1.16056666666667E-14,-1.91556666666667E-08,,1.04451E-14,-1.72401E-08,-1.844E-08,1000000,
391.6,1.13555555555556E-14,-2.07537777777778E-08,,1.022E-14,-1.86784E-08,-4.947E-08,1000000,
392,1.15034444444444E-14,-1.76833333333333E-08,,1.03531E-14,-1.5915E-08,1.1E-10,1000000,
392.401,1.15143333333333E-14,-1.95066666666667E-08,,1.03629E-14,-1.7556E-08,-1.43E-08,1000000,
392.8,1.15923333333333E-14,-1.97141111111111E-08,,1.04331E-14,-1.77427E-08,-1.121E-08,1000000,
393.2,1.12413333333333E-14,-1.87715555555556E-08,,1.01172E-14,-1.68944E-08,4.23E-09,1000000,
393.601,1.16552222222222E-14,-1.96942222222222E-08,,1.04897E-14,-1.77248E-08,-9.5E-10,1000000,
394.0005,1.10913111111111E-14,-2.05021111111111E-08,,9.98218E-15,-1.84519E-08,-6.638E-08,1000000,
394.3995,1.1541E-14,-2.0405E-08,,1.03869E-14,-1.83645E-08,-1.717E-08,1000000,
394.8,1.16864444444444E-14,-2.09855555555556E-08,,1.05178E-14,-1.8887E-08,-1.882E-08,1000000,
395.2005,1.1215E-14,-2.02018888888889E-08,,1.00935E-14,-1.81817E-08,-4.417E-08,1000000,
395.5995,1.1919E-14,-1.97141111111111E-08,,1.07271E-14,-1.77427E-08,-4.5E-10,1000000,
396,1.16021111111111E-14,-2.04293333333333E-08,,1.04419E-14,-1.83864E-08,-4.985E-08,1000000,
396.4,1.12624444444444E-14,-2.07978888888889E-08,,1.01362E-14,-1.87181E-08,-5.915E-08,1000000,
396.8,1.15101111111111E-14,-1.95838888888889E-08,,1.03591E-14,-1.76255E-08,-4.88E-08,1000000,
397.201,1.15086666666667E-14,-1.92086666666667E-08,,1.03578E-14,-1.72878E-08,-9.748E-08,1000000,
397.6005,1.15294444444444E-14,-2.07604444444444E-08,,1.03765E-14,-1.86844E-08,5.266E-08,1000000,
398,1.16741111111111E-14,-2.14601111111111E-08,,1.05067E-14,-1.93141E-08,-8.364E-08,1000000,
398.4,1.1593E-14,-1.8244E-08,,1.04337E-14,-1.64196E-08,-1.054E-08,1000000,
398.8005,1.14521111111111E-14,-2.04403333333333E-08,,1.03069E-14,-1.83963E-08,-4.228E-08,1000000,
399.1995,1.1144E-14,-2.12813333333333E-08,,1.00296E-14,-1.91532E-08,-9.339E-08,1000000,
399.6,1.16991111111111E-14,-2.06743333333333E-08,,1.05292E-14,-1.86069E-08,5.318E-08,1000000,
400,1.19776666666667E-14,-1.7648E-08,,1.07799E-14,-1.58832E-08,-9.904E-08,1000000,
